,CBOM,GAZP,GMKN,PIKK,LSRG,DSKY
2015-06-01,,139.4,9303.0,186.4,612.0,
2015-06-02,,140.75,9619.0,191.7,614.0,
2015-06-03,,140.71,9704.0,186.0,601.0,
2015-06-04,,140.2,9742.0,190.0,601.0,
2015-06-05,,142.4,9986.0,189.0,600.0,
2015-06-08,,142.66,9954.0,190.5,612.0,
2015-06-09,,146.17,9701.0,186.0,619.0,
2015-06-10,,145.6,9595.0,183.5,610.0,
2015-06-11,,145.4,9655.0,178.5,614.0,
2015-06-15,,144.95,9758.0,182.5,615.0,
2015-06-16,,146.0,9695.0,187.2,615.0,
2015-06-17,,147.6,9680.0,185.0,612.0,
2015-06-18,,147.15,9579.0,177.7,610.0,
2015-06-19,,147.15,9685.0,180.0,612.0,
2015-06-22,,148.5,9670.0,184.2,605.0,
2015-06-23,,146.25,9503.0,180.0,602.0,
2015-06-24,,146.68,9450.0,183.9,601.0,
2015-06-25,,143.7,9400.0,180.0,602.0,
2015-06-26,,145.18,9575.0,180.0,602.0,
2015-06-29,,143.59,9540.0,180.0,581.0,
2015-06-30,,145.85,9500.0,180.4,572.0,
2015-07-01,3.68,145.5,9215.0,179.9,581.0,
2015-07-02,3.6455,145.8,9250.0,180.1,580.0,
2015-07-03,3.637,144.33,9263.0,182.1,580.0,
2015-07-06,3.67,143.0,9277.0,181.0,566.0,
2015-07-07,3.631,142.5,9340.0,181.8,569.0,
2015-07-08,3.649,141.5,9100.0,181.8,553.0,
2015-07-09,3.65,143.77,9101.0,180.6,565.0,
2015-07-10,3.65,143.9,9147.0,180.0,568.0,
2015-07-13,3.6545,145.27,9366.0,180.1,597.0,
2015-07-14,3.6525,146.5,9450.0,178.1,611.0,
2015-07-15,3.656,142.7,9488.0,179.8,604.0,
2015-07-16,3.676,144.2,9600.0,179.8,599.0,
2015-07-17,3.669,143.6,9536.0,180.3,590.0,
2015-07-20,3.6625,141.78,9393.0,176.2,579.0,
2015-07-21,3.677,141.41,9428.0,173.3,598.0,
2015-07-22,3.67,140.8,9320.0,171.0,608.0,
2015-07-23,3.677,138.37,9119.0,161.6,587.0,
2015-07-24,3.67,136.41,9025.0,151.2,585.0,
2015-07-27,3.6745,134.51,9022.0,148.7,555.0,
2015-07-28,3.6605,135.05,9231.0,158.4,570.0,
2015-07-29,3.655,138.7,9359.0,163.9,573.0,
2015-07-30,3.672,139.8,9365.0,167.9,593.0,
2015-07-31,3.6745,142.5,9427.0,172.8,600.0,
2015-08-03,3.6595,141.45,9514.0,168.3,595.0,
2015-08-04,3.639,141.89,9889.0,161.8,595.0,
2015-08-05,3.635,143.78,10090.0,164.8,599.0,
2015-08-06,3.63,140.88,10125.0,159.5,590.0,
2015-08-07,3.655,141.34,10112.0,165.0,586.0,
2015-08-10,3.655,141.5,10222.0,169.3,590.0,
2015-08-11,3.66,141.97,10166.0,172.0,593.0,
2015-08-12,3.68,142.99,9850.0,173.0,587.0,
2015-08-13,3.6905,143.7,9870.0,173.6,600.0,
2015-08-14,3.675,144.8,10061.0,181.5,592.0,
2015-08-17,3.691,144.25,10000.0,180.1,584.0,
2015-08-18,3.665,142.65,9810.0,183.4,583.0,
2015-08-19,3.66,140.8,9725.0,180.6,586.0,
2015-08-20,3.665,142.64,10047.0,184.9,585.0,
2015-08-21,3.65,140.29,10060.0,182.9,581.0,
2015-08-24,3.6205,135.35,10215.0,180.2,564.0,
2015-08-25,3.62,140.4,10071.0,180.0,560.0,
2015-08-26,3.625,140.51,10290.0,183.0,555.0,
2015-08-27,3.645,144.6,10371.0,188.9,569.0,
2015-08-28,3.65,146.6,10430.0,193.2,573.0,
2015-08-31,3.6455,148.19,10569.0,201.0,574.0,
2015-09-01,3.63,144.5,10329.0,204.6,576.0,
2015-09-02,3.64,142.57,10350.0,187.0,571.0,
2015-09-03,3.65,145.3,10600.0,181.0,566.0,
2015-09-04,3.652,142.8,10570.0,182.7,564.0,
2015-09-07,3.635,141.67,10716.0,186.7,560.0,
2015-09-08,3.6355,143.21,10746.0,186.5,560.0,
2015-09-09,3.66,144.22,11099.0,194.5,567.0,
2015-09-10,3.635,142.99,10931.0,198.0,572.0,
2015-09-11,3.635,142.4,10870.0,198.3,574.0,
2015-09-14,3.65,143.58,10924.0,197.7,560.0,
2015-09-15,3.68,141.95,11009.0,195.0,548.0,
2015-09-16,3.66,142.91,11119.0,198.2,550.0,
2015-09-17,3.635,142.8,11206.0,191.4,551.0,
2015-09-18,3.67,139.5,11100.0,181.0,541.0,
2015-09-21,3.66,139.45,11080.0,182.1,542.0,
2015-09-22,3.6455,136.4,10693.0,180.0,547.0,
2015-09-23,3.66,134.3,10200.0,180.3,560.0,
2015-09-24,3.66,132.2,9662.0,180.3,561.0,
2015-09-25,3.6655,133.85,9565.0,190.0,558.0,
2015-09-28,3.68,130.9,9382.0,190.0,559.0,
2015-09-29,3.69,133.2,9325.0,190.9,555.0,
2015-09-30,3.704,134.55,9500.0,191.1,569.0,
2015-10-01,3.7,132.9,9394.0,191.0,557.0,
2015-10-02,3.732,131.5,9470.0,192.6,555.0,
2015-10-05,3.7295,136.8,9450.0,201.5,567.0,
2015-10-06,3.7355,137.87,9346.0,208.8,585.0,
2015-10-07,3.715,140.0,9210.0,219.1,572.0,
2015-10-08,3.73,139.8,9149.0,220.5,570.0,
2015-10-09,3.748,143.81,9560.0,220.5,584.0,
2015-10-12,3.732,141.7,9620.0,221.0,580.0,
2015-10-13,3.748,141.8,9715.0,222.7,592.0,
2015-10-14,3.74,142.01,9700.0,221.2,598.0,
2015-10-15,3.756,142.61,9783.0,222.3,587.0,
2015-10-16,3.75,141.0,9601.0,223.4,595.0,
2015-10-19,3.755,140.27,9761.0,220.9,594.0,
2015-10-20,3.796,140.4,9658.0,221.2,607.0,
2015-10-21,3.79,139.49,9390.0,220.0,607.0,
2015-10-22,3.796,139.25,9545.0,220.4,614.0,
2015-10-23,3.796,138.94,9735.0,220.9,618.0,
2015-10-26,3.795,138.5,9700.0,220.0,606.0,
2015-10-27,3.76,138.5,9710.0,224.0,586.0,
2015-10-28,3.77,138.1,9670.0,221.5,608.0,
2015-10-29,3.73,136.11,9503.0,220.0,594.0,
2015-10-30,3.756,135.75,9487.0,222.5,619.0,
2015-11-02,3.77,137.8,9585.0,221.2,606.0,
2015-11-03,3.77,141.75,9546.0,241.0,597.0,
2015-11-05,3.77,140.97,9580.0,244.2,603.0,
2015-11-06,3.765,137.75,9513.0,240.0,615.5,
2015-11-09,3.75,136.5,9499.0,235.0,627.5,
2015-11-10,3.745,135.58,9474.0,231.9,624.0,
2015-11-11,3.74,135.0,9371.0,232.7,620.5,
2015-11-12,3.755,136.6,9475.0,232.6,625.0,
2015-11-13,3.78,136.0,9469.0,220.1,620.0,
2015-11-16,3.775,137.21,9335.0,216.9,615.5,
2015-11-17,3.81,142.75,9364.0,219.0,625.5,
2015-11-18,3.795,147.47,9640.0,216.1,630.0,
2015-11-19,3.78,147.5,9670.0,218.2,631.0,
2015-11-20,3.795,148.05,9650.0,225.1,630.5,
2015-11-23,3.775,152.0,9492.0,232.1,657.0,
2015-11-24,3.78,145.65,9344.0,225.1,655.0,
2015-11-25,3.795,143.99,9427.0,221.9,659.5,
2015-11-26,3.85,143.2,9390.0,223.8,669.5,
2015-11-27,3.91,140.65,9220.0,220.2,667.0,
2015-11-30,3.83,138.0,8920.0,217.8,673.0,
2015-12-01,3.85,137.42,9054.0,221.0,690.5,
2015-12-02,3.84,136.85,8939.0,220.0,690.0,
2015-12-03,3.805,140.0,9113.0,230.0,701.0,
2015-12-04,3.815,137.7,8851.0,222.4,695.0,
2015-12-07,3.84,134.5,8925.0,227.8,710.0,
2015-12-08,3.84,134.65,8970.0,216.5,703.0,
2015-12-09,3.835,135.81,8935.0,221.6,693.0,
2015-12-10,3.825,135.6,8925.0,221.2,691.5,
2015-12-11,3.825,133.8,8900.0,221.4,697.5,
2015-12-14,3.825,131.59,8780.0,220.0,683.5,
2015-12-15,3.84,134.4,8965.0,220.0,677.5,
2015-12-16,3.85,134.5,9108.0,220.0,667.0,
2015-12-17,3.68,137.9,9450.0,224.0,680.0,
2015-12-18,3.685,132.25,9229.0,216.1,682.0,
2015-12-21,3.67,131.5,9048.0,220.0,678.5,
2015-12-22,3.675,133.2,9220.0,220.0,667.0,
2015-12-23,3.67,135.3,9410.0,220.0,678.5,
2015-12-24,3.685,136.0,9344.0,220.0,672.0,
2015-12-25,3.75,134.48,9344.0,216.1,667.5,
2015-12-28,3.73,134.97,9350.0,220.0,668.0,
2015-12-29,3.77,137.49,9189.0,218.9,667.5,
2015-12-30,3.8,136.09,9150.0,219.0,673.0,
2016-01-04,3.93,134.91,8922.0,215.5,698.0,
2016-01-05,3.865,136.45,9085.0,213.2,717.5,
2016-01-06,3.885,135.94,8990.0,212.5,732.0,
2016-01-11,3.875,131.38,8600.0,208.9,695.5,
2016-01-12,3.82,133.54,8553.0,210.1,681.0,
2016-01-13,3.77,131.3,8614.0,211.1,684.0,
2016-01-14,3.75,130.86,8464.0,210.0,668.0,
2016-01-15,3.74,125.1,8050.0,211.6,623.0,
2016-01-18,3.74,124.6,8290.0,211.3,589.5,
2016-01-19,3.73,125.98,8540.0,210.0,615.0,
2016-01-20,3.735,125.83,8649.0,211.1,597.5,
2016-01-21,3.74,127.75,9130.0,210.1,629.0,
2016-01-22,3.74,132.4,9100.0,210.0,634.5,
2016-01-25,3.75,133.0,9050.0,210.0,624.0,
2016-01-26,3.745,131.89,8880.0,212.0,622.0,
2016-01-27,3.74,134.0,8991.0,218.6,633.0,
2016-01-28,3.745,136.5,8970.0,214.0,632.5,
2016-01-29,3.76,136.6,8850.0,210.1,624.0,
2016-02-01,3.77,133.9,8698.0,215.0,630.0,
2016-02-02,3.765,132.5,8924.0,213.8,626.5,
2016-02-03,3.77,131.01,8770.0,210.7,614.5,
2016-02-04,3.765,135.07,8999.0,218.4,604.0,
2016-02-05,3.76,134.43,9005.0,210.7,610.5,
2016-02-08,3.755,133.5,8870.0,208.6,621.0,
2016-02-09,3.74,132.7,8650.0,212.6,618.5,
2016-02-10,3.74,133.03,8510.0,211.3,610.0,
2016-02-11,3.765,130.49,8376.0,208.7,618.0,
2016-02-12,3.775,131.3,8350.0,209.9,616.0,
2016-02-15,3.78,133.43,8345.0,208.0,610.0,
2016-02-16,3.775,135.85,8486.0,206.9,611.0,
2016-02-17,3.78,137.1,8633.0,208.7,592.0,
2016-02-18,3.8,138.0,8880.0,220.9,593.5,
2016-02-19,3.805,136.9,8745.0,229.0,592.0,
2016-02-20,3.765,136.59,8720.0,236.1,596.5,
2016-02-22,3.805,139.9,8750.0,246.0,591.5,
2016-02-24,3.75,137.15,8750.0,250.0,596.0,
2016-02-25,3.78,137.97,8750.0,250.0,597.0,
2016-02-26,3.785,138.67,8935.0,247.6,588.5,
2016-02-29,3.62,141.4,9142.0,250.2,594.0,
2016-03-01,3.745,142.0,9105.0,250.0,599.5,
2016-03-02,3.78,140.14,9093.0,250.0,607.5,
2016-03-03,3.785,144.5,9190.0,250.0,638.0,
2016-03-04,3.805,146.16,9300.0,250.1,653.0,
2016-03-07,3.8,150.15,9494.0,254.9,658.0,
2016-03-09,3.84,147.43,9300.0,254.5,654.0,
2016-03-10,3.825,146.94,9281.0,250.1,653.0,
2016-03-11,3.85,144.3,9221.0,250.1,655.0,
2016-03-14,3.86,143.2,9150.0,250.4,664.5,
2016-03-15,3.87,142.54,9202.0,247.3,665.0,
2016-03-16,3.85,144.75,9119.0,251.3,677.0,
2016-03-17,3.87,147.27,9243.0,251.5,673.5,
2016-03-18,3.865,150.65,9490.0,250.0,669.5,
2016-03-21,3.87,149.9,9390.0,250.1,675.0,
2016-03-22,3.795,149.62,9440.0,250.0,676.0,
2016-03-23,3.825,146.0,9240.0,252.9,674.5,
2016-03-24,3.81,145.8,9020.0,252.3,672.0,
2016-03-25,3.82,146.04,9046.0,253.2,673.5,
2016-03-28,3.805,145.1,8995.0,249.5,675.5,
2016-03-29,3.855,144.7,8935.0,250.1,674.0,
2016-03-30,3.87,147.8,8950.0,251.5,678.5,
2016-03-31,3.88,147.75,8700.0,251.3,681.5,
2016-04-01,3.865,147.2,8460.0,251.2,684.0,
2016-04-04,3.865,146.38,8459.0,253.0,688.5,
2016-04-05,3.82,144.34,8700.0,250.2,686.0,
2016-04-06,3.84,144.2,8799.0,250.2,680.0,
2016-04-07,3.905,143.89,8688.0,253.6,685.0,
2016-04-08,3.875,145.7,8629.0,250.5,684.0,
2016-04-11,3.87,147.3,8783.0,250.0,689.0,
2016-04-12,3.87,148.9,8730.0,250.4,702.5,
2016-04-13,3.87,153.12,9121.0,250.3,711.0,
2016-04-14,3.875,150.43,9150.0,250.4,718.0,
2016-04-15,3.925,147.99,9120.0,251.2,654.5,
2016-04-18,3.9,146.3,9270.0,251.0,647.0,
2016-04-19,3.915,155.95,9241.0,250.8,640.0,
2016-04-20,3.905,161.95,9259.0,252.4,648.0,
2016-04-21,3.91,161.8,9368.0,250.3,648.5,
2016-04-22,3.91,161.2,9750.0,251.2,647.0,
2016-04-25,3.92,160.3,9631.0,250.0,639.0,
2016-04-26,3.915,163.0,9750.0,250.3,644.5,
2016-04-27,3.93,160.99,9700.0,250.0,636.5,
2016-04-28,3.905,164.75,9709.0,260.0,642.0,
2016-04-29,3.92,168.47,9409.0,250.3,649.0,
2016-05-04,3.925,162.4,9100.0,250.0,649.5,
2016-05-05,3.915,160.5,8809.0,250.0,645.5,
2016-05-06,3.93,159.27,8760.0,251.5,647.0,
2016-05-10,3.915,156.85,8815.0,251.0,643.0,
2016-05-11,3.93,159.45,8850.0,256.5,643.0,
2016-05-12,3.965,159.03,8911.0,252.5,630.5,
2016-05-13,3.98,159.85,8986.0,250.4,637.0,
2016-05-16,3.995,158.07,8930.0,251.0,638.0,
2016-05-17,3.98,153.58,8930.0,252.0,635.5,
2016-05-18,3.965,152.1,9095.0,251.9,643.0,
2016-05-19,3.97,148.33,9190.0,250.6,645.5,
2016-05-20,3.995,146.7,9120.0,253.0,646.5,
2016-05-23,3.985,144.31,9031.0,257.9,672.0,
2016-05-24,3.99,146.35,9085.0,257.2,672.5,
2016-05-25,4.0,146.55,9079.0,257.0,672.0,
2016-05-26,4.0,148.87,9152.0,250.3,700.0,
2016-05-27,3.94,149.88,9140.0,250.8,717.5,
2016-05-30,3.905,149.6,9200.0,253.8,702.0,
2016-05-31,3.91,145.5,8990.0,251.0,708.0,
2016-06-01,3.905,144.7,9029.0,252.8,716.0,
2016-06-02,3.945,144.0,8925.0,252.2,736.0,
2016-06-03,3.975,143.41,8859.0,249.9,727.0,
2016-06-06,3.995,146.4,8968.0,251.2,744.0,
2016-06-07,4.045,147.75,8974.0,251.2,759.5,
2016-06-08,4.035,146.95,8873.0,250.0,777.5,
2016-06-09,4.01,144.98,8699.0,250.0,758.0,
2016-06-10,3.98,142.44,8696.0,250.0,734.5,
2016-06-14,3.955,141.84,8670.0,248.9,738.0,
2016-06-15,3.955,141.57,8553.0,247.4,742.0,
2016-06-16,3.945,139.5,8498.0,244.2,749.0,
2016-06-17,3.95,139.32,8448.0,251.0,745.0,
2016-06-20,3.97,142.97,8300.0,250.0,767.0,
2016-06-21,3.955,143.54,8413.0,250.0,776.0,
2016-06-22,3.955,143.0,8349.0,247.2,786.5,
2016-06-23,3.965,144.2,8407.0,250.0,776.5,
2016-06-24,3.92,141.25,8380.0,250.0,809.5,
2016-06-27,3.95,138.52,8285.0,250.0,826.0,
2016-06-28,3.955,139.24,8480.0,250.0,827.5,
2016-06-29,3.985,140.0,8485.0,250.0,830.0,
2016-06-30,3.98,139.51,8540.0,250.0,823.0,
2016-07-01,3.995,140.05,8496.0,249.3,823.5,
2016-07-04,4.005,141.6,8861.0,249.8,843.0,
2016-07-05,3.975,140.95,8809.0,250.0,859.0,
2016-07-06,3.96,139.99,8772.0,248.9,828.5,
2016-07-07,3.985,140.37,8720.0,249.5,846.0,
2016-07-08,4.01,140.27,8672.0,243.7,840.5,
2016-07-11,3.995,141.4,8855.0,250.0,842.5,
2016-07-12,4.035,142.12,9025.0,251.0,841.5,
2016-07-13,4.015,143.6,9300.0,250.0,860.5,
2016-07-14,3.98,144.2,9297.0,250.0,876.5,
2016-07-15,3.97,147.37,9290.0,247.7,887.0,
2016-07-18,3.955,145.84,9308.0,247.0,879.0,
2016-07-19,3.92,139.48,9310.0,247.5,912.5,
2016-07-20,3.92,139.26,9297.0,249.5,902.5,
2016-07-21,3.95,140.1,9390.0,249.5,898.0,
2016-07-22,3.97,140.6,9400.0,249.5,908.0,
2016-07-25,3.985,140.7,9306.0,249.7,905.5,
2016-07-26,3.975,140.69,9339.0,250.5,905.0,
2016-07-27,3.975,139.5,9445.0,250.0,905.0,
2016-07-28,4.01,139.9,9535.0,250.0,900.5,
2016-07-29,3.98,137.3,9444.0,250.0,907.5,
2016-08-01,3.985,136.93,9637.0,250.0,900.0,
2016-08-02,3.94,134.5,9581.0,250.0,886.5,
2016-08-03,3.93,134.04,9660.0,250.0,889.5,
2016-08-04,3.94,136.7,9734.0,250.0,899.5,
2016-08-05,3.935,135.5,9778.0,250.1,889.0,
2016-08-08,3.95,137.47,9830.0,253.1,893.0,
2016-08-09,3.95,137.34,9850.0,250.0,892.5,
2016-08-10,3.915,137.4,9927.0,250.6,895.5,
2016-08-11,3.925,137.19,9989.0,250.6,905.0,
2016-08-12,3.925,137.83,9860.0,251.2,904.0,
2016-08-15,3.92,138.0,9967.0,258.3,898.0,
2016-08-16,3.91,137.99,9975.0,258.8,888.0,
2016-08-17,3.905,137.68,9770.0,259.4,880.5,
2016-08-18,3.965,138.4,9601.0,256.9,886.5,
2016-08-19,4.04,136.8,9788.0,256.9,918.5,
2016-08-22,4.15,137.8,9890.0,258.0,908.0,
2016-08-23,4.155,137.37,9879.0,265.0,905.0,
2016-08-24,4.125,137.0,9853.0,274.0,896.0,
2016-08-25,4.145,135.42,9760.0,272.0,904.5,
2016-08-26,4.16,136.2,9597.0,272.0,908.0,
2016-08-29,4.145,136.2,9640.0,273.6,880.0,
2016-08-30,4.155,135.59,9628.0,273.7,879.0,
2016-08-31,4.13,134.95,9571.0,271.8,878.0,
2016-09-01,4.16,134.99,9631.0,273.0,895.0,
2016-09-02,4.205,135.55,9717.0,279.0,901.5,
2016-09-05,4.25,136.05,9710.0,279.9,899.5,
2016-09-06,4.26,141.4,9926.0,279.0,896.0,
2016-09-07,4.26,143.08,9871.0,278.6,897.5,
2016-09-08,4.285,141.45,9780.0,283.6,896.0,
2016-09-09,4.26,138.54,9720.0,281.7,895.0,
2016-09-12,4.235,138.93,9690.0,280.0,891.0,
2016-09-13,4.195,138.45,9750.0,281.0,888.0,
2016-09-14,4.195,139.35,9546.0,279.1,890.5,
2016-09-15,4.175,137.6,9520.0,282.0,893.0,
2016-09-16,4.185,136.47,9470.0,281.2,890.0,
2016-09-19,4.195,136.59,9505.0,281.8,899.0,
2016-09-20,4.205,137.0,9562.0,282.4,894.5,
2016-09-21,4.195,136.25,9420.0,282.0,887.0,
2016-09-22,4.27,136.7,9715.0,286.0,884.0,
2016-09-23,4.24,136.7,9730.0,286.1,880.0,
2016-09-26,4.215,135.26,9667.0,285.1,883.5,
2016-09-27,4.22,133.92,9780.0,292.6,882.0,
2016-09-28,4.24,134.09,9952.0,290.3,883.5,
2016-09-29,4.295,135.31,9918.0,291.3,883.5,
2016-09-30,4.25,134.9,9812.0,292.0,891.0,
2016-10-03,4.3,135.37,9648.0,292.7,891.0,
2016-10-04,4.295,136.23,9639.0,293.1,896.0,
2016-10-05,4.25,134.8,9530.0,291.4,889.5,
2016-10-06,4.25,135.9,9475.0,291.4,884.5,
2016-10-07,4.26,136.1,9401.0,291.0,886.5,
2016-10-10,4.28,139.1,9406.0,291.0,895.5,
2016-10-11,4.305,138.98,9450.0,289.9,896.0,
2016-10-12,4.29,138.07,9432.0,288.0,898.5,
2016-10-13,4.24,137.47,9400.0,288.1,895.0,
2016-10-14,4.24,136.2,9390.0,290.1,898.0,
2016-10-17,4.21,135.57,9250.0,288.0,880.0,
2016-10-18,4.21,135.81,9364.0,286.5,884.0,
2016-10-19,4.17,135.49,9269.0,288.3,880.0,
2016-10-20,4.15,134.72,9200.0,283.1,898.0,
2016-10-21,4.155,134.96,9376.0,288.3,908.5,
2016-10-24,4.16,135.05,9250.0,286.0,900.5,
2016-10-25,4.185,135.3,9304.0,285.8,886.0,
2016-10-26,4.19,135.32,9307.0,285.0,888.5,
2016-10-27,4.215,135.04,9451.0,283.1,885.5,
2016-10-28,4.25,135.0,9345.0,281.9,885.0,
2016-10-31,4.275,138.84,9344.0,285.0,879.5,
2016-11-01,4.292,141.98,9310.0,288.2,906.5,
2016-11-02,4.24,140.81,9200.0,281.7,900.0,
2016-11-03,4.245,139.9,9157.0,280.0,894.0,
2016-11-07,4.25,138.5,9230.0,280.0,883.0,
2016-11-08,4.31,139.32,9400.0,278.2,883.5,
2016-11-09,4.365,145.62,9590.0,280.8,901.5,
2016-11-10,4.459,147.4,10046.0,280.6,905.0,
2016-11-11,4.453,147.88,10150.0,279.8,914.5,
2016-11-14,4.375,146.26,10380.0,277.6,895.0,
2016-11-15,4.35,145.9,10367.0,277.6,898.0,
2016-11-16,4.33,145.5,10270.0,277.0,892.5,
2016-11-17,4.281,147.7,10289.0,279.1,894.5,
2016-11-18,4.25,146.96,10144.0,278.5,883.5,
2016-11-21,4.22,149.6,10137.0,276.4,885.5,
2016-11-22,4.257,150.0,10277.0,275.8,874.0,
2016-11-23,4.265,149.49,10490.0,276.5,888.5,
2016-11-24,4.31,151.11,10498.0,276.7,883.5,
2016-11-25,4.277,151.31,10450.0,278.6,892.0,
2016-11-28,4.285,148.94,10550.0,278.5,897.0,
2016-11-29,4.265,147.75,10468.0,278.7,915.0,
2016-11-30,4.275,148.8,10371.0,279.0,916.5,
2016-12-01,4.285,152.81,10620.0,278.1,917.5,
2016-12-02,4.25,152.35,10680.0,280.9,919.0,
2016-12-05,4.246,153.78,10830.0,281.7,925.0,
2016-12-06,4.241,151.5,10900.0,278.4,945.0,
2016-12-07,4.25,151.95,10990.0,282.0,977.0,
2016-12-08,4.235,153.05,11070.0,282.7,985.0,
2016-12-09,4.25,152.99,10996.0,278.9,968.5,
2016-12-12,4.236,158.63,10909.0,275.5,960.5,
2016-12-13,4.24,158.95,10804.0,275.7,955.5,
2016-12-14,4.234,157.2,10590.0,277.7,956.5,
2016-12-15,4.245,158.25,10512.0,273.3,948.5,
2016-12-16,4.244,156.2,10525.0,267.0,932.0,
2016-12-19,4.253,154.6,10260.0,275.0,956.0,
2016-12-20,4.265,155.3,10249.0,280.0,964.0,
2016-12-21,4.267,153.06,10194.0,280.1,975.0,
2016-12-22,4.27,150.27,10190.0,282.0,955.0,
2016-12-23,4.265,149.05,10170.0,285.4,974.5,
2016-12-26,4.288,148.95,10202.0,287.5,972.0,
2016-12-27,4.28,150.38,9896.0,284.9,972.5,
2016-12-28,4.299,151.0,9790.0,283.0,973.5,
2016-12-29,4.291,152.62,9951.0,289.0,966.5,
2016-12-30,4.3,154.55,10122.0,290.0,952.0,
2017-01-03,4.34,157.7,10245.0,291.5,982.0,
2017-01-04,4.255,157.44,10195.0,289.7,975.5,
2017-01-05,4.248,154.0,10025.0,286.8,972.5,
2017-01-06,4.275,154.1,10040.0,288.0,970.5,
2017-01-09,4.283,154.4,10115.0,289.1,1001.5,
2017-01-10,4.29,157.97,10397.0,289.4,1014.5,
2017-01-11,4.299,157.01,10439.0,285.7,1016.0,
2017-01-12,4.299,157.25,9994.0,285.0,1036.0,
2017-01-13,4.309,157.95,9756.0,287.5,1040.5,
2017-01-16,4.315,155.81,9761.0,288.4,1050.0,
2017-01-17,4.309,153.65,9615.0,288.0,1026.5,
2017-01-18,4.292,152.86,9549.0,288.3,1022.5,
2017-01-19,4.297,150.85,9590.0,275.0,1006.0,
2017-01-20,4.285,149.7,9360.0,273.0,1004.0,
2017-01-23,4.255,148.1,9424.0,281.5,1007.0,
2017-01-24,4.295,150.15,9486.0,284.2,1000.0,
2017-01-25,4.289,147.65,9535.0,284.8,999.5,
2017-01-26,4.299,150.49,9790.0,286.4,1008.0,
2017-01-27,4.306,154.09,9792.0,286.6,1000.0,
2017-01-30,4.265,150.8,9772.0,286.6,999.5,
2017-01-31,4.262,149.8,9629.0,285.9,1001.0,
2017-02-01,4.282,149.65,9848.0,285.8,998.5,
2017-02-02,4.276,148.8,10255.0,283.5,985.0,
2017-02-03,4.286,149.35,10089.0,282.0,1001.5,
2017-02-06,4.273,148.5,9922.0,283.8,1001.0,
2017-02-07,4.28,148.7,10136.0,285.2,990.0,
2017-02-08,4.25,145.2,10135.0,286.0,968.0,
2017-02-09,4.241,142.11,9999.0,290.5,966.5,
2017-02-10,4.246,140.5,10072.0,294.2,966.5,85.0
2017-02-13,4.259,141.2,9890.0,295.0,987.5,85.2
2017-02-14,4.239,140.62,9740.0,290.5,989.0,85.0
2017-02-15,4.25,139.72,9940.0,291.3,990.0,85.0
2017-02-16,4.25,139.16,9957.0,292.5,984.0,84.99
2017-02-17,4.24,138.12,9720.0,290.0,988.5,84.9
2017-02-20,4.24,138.5,9585.0,291.0,987.0,84.85
2017-02-21,4.272,138.35,9677.0,290.0,990.0,84.8
2017-02-22,4.263,136.68,9600.0,290.2,987.0,84.75
2017-02-24,4.28,136.75,9498.0,291.6,976.0,84.7
2017-02-27,4.255,135.07,9341.0,291.6,949.5,84.48
2017-02-28,4.231,134.0,9311.0,290.0,952.5,84.93
2017-03-01,4.259,133.85,9371.0,291.2,970.5,84.42
2017-03-02,4.26,131.3,9306.0,290.0,954.0,83.85
2017-03-03,4.261,134.8,9336.0,290.0,947.0,82.82
2017-03-06,4.255,134.6,9324.0,290.8,949.0,82.98
2017-03-07,4.223,132.89,9061.0,291.3,945.5,84.75
2017-03-09,4.207,129.0,8807.0,290.0,929.0,84.6
2017-03-10,4.215,128.78,8855.0,290.0,917.5,82.07
2017-03-13,4.246,129.93,8965.0,298.0,918.0,81.5
2017-03-14,4.24,128.8,9097.0,299.4,920.0,81.14
2017-03-15,4.279,127.6,9057.0,299.4,914.5,80.01
2017-03-16,4.32,128.05,9054.0,293.2,919.5,77.69
2017-03-17,4.395,128.94,9169.0,290.6,930.0,76.2
2017-03-20,4.368,128.79,9011.0,288.0,919.5,75.01
2017-03-21,4.355,129.3,9109.0,286.0,919.5,79.0
2017-03-22,4.294,131.65,9180.0,286.8,919.0,80.41
2017-03-23,4.261,130.99,9182.0,283.3,918.0,81.3
2017-03-24,4.248,130.05,9165.0,282.7,913.5,82.41
2017-03-27,4.242,128.8,8891.0,282.2,914.0,85.53
2017-03-28,4.277,129.2,9011.0,278.6,936.0,85.1
2017-03-29,4.325,128.81,8985.0,278.7,943.0,85.2
2017-03-30,4.35,128.49,8989.0,288.8,942.5,87.5
2017-03-31,4.39,127.9,8929.0,296.6,927.0,88.0
2017-04-03,4.4,127.21,8974.0,287.7,930.0,88.24
2017-04-04,4.405,128.81,9000.0,284.6,930.5,89.0
2017-04-05,4.44,130.69,9186.0,283.0,941.0,89.99
2017-04-06,4.428,130.5,9133.0,283.0,937.5,92.0
2017-04-07,4.365,128.72,9025.0,277.8,929.0,89.61
2017-04-10,4.349,126.16,8956.0,279.0,924.0,84.57
2017-04-11,4.358,126.0,8964.0,284.0,908.5,87.56
2017-04-12,4.339,125.05,8924.0,284.0,902.0,87.03
2017-04-13,4.35,124.54,8775.0,279.4,898.0,88.9
2017-04-14,4.331,122.85,8710.0,279.0,899.0,89.68
2017-04-17,4.358,123.7,8841.0,279.6,898.5,89.9
2017-04-18,4.34,122.22,8556.0,279.0,872.5,90.01
2017-04-19,4.387,121.55,8553.0,282.7,835.0,90.0
2017-04-20,4.386,121.99,8620.0,285.2,863.5,89.0
2017-04-21,4.35,123.0,8538.0,286.4,857.5,90.48
2017-04-24,4.402,128.0,8685.0,287.4,850.0,90.0
2017-04-25,4.43,130.2,8873.0,287.0,859.0,90.5
2017-04-26,4.441,133.43,8890.0,285.4,862.5,89.9
2017-04-27,4.435,133.41,8750.0,287.7,860.0,90.0
2017-04-28,4.414,136.75,8747.0,288.2,870.0,90.47
2017-05-02,4.42,136.52,8809.0,287.5,880.0,92.0
2017-05-03,4.419,135.81,8688.0,284.4,882.5,85.53
2017-05-04,4.423,134.93,8701.0,288.2,890.0,87.6
2017-05-05,4.415,134.41,8765.0,297.9,898.0,88.65
2017-05-10,4.421,134.19,8658.0,287.9,895.0,88.55
2017-05-11,4.417,131.1,8500.0,286.0,895.5,89.0
2017-05-12,4.422,132.5,8405.0,295.5,890.0,89.19
2017-05-15,4.43,131.5,8530.0,295.5,880.0,89.01
2017-05-16,4.431,131.13,8402.0,295.5,881.5,91.41
2017-05-17,4.445,132.07,8372.0,290.9,903.5,91.6
2017-05-18,4.447,126.9,8420.0,282.5,902.0,91.41
2017-05-19,4.432,124.19,8305.0,287.0,906.5,91.55
2017-05-22,4.394,122.52,8275.0,282.4,908.0,92.0
2017-05-23,4.4,123.23,8359.0,284.5,908.5,92.0
2017-05-24,4.351,122.0,8399.0,292.0,909.0,91.41
2017-05-25,4.345,121.61,8227.0,293.0,918.0,91.99
2017-05-26,4.32,122.2,8200.0,308.2,915.0,91.08
2017-05-29,4.325,123.11,8143.0,306.5,914.5,91.04
2017-05-30,4.27,122.1,8050.0,303.9,914.0,93.49
2017-05-31,4.24,120.28,7902.0,302.0,906.5,92.39
2017-06-01,4.22,118.0,7791.0,308.2,916.0,95.39
2017-06-02,4.23,119.69,7829.0,300.5,892.5,97.3
2017-06-05,4.24,119.0,7887.0,307.0,893.5,96.5
2017-06-06,4.24,119.05,7898.0,308.0,886.5,95.6
2017-06-07,4.235,118.92,7865.0,302.1,890.0,95.8
2017-06-08,4.235,119.3,8013.0,305.0,891.5,96.2
2017-06-09,4.239,120.5,8100.0,304.1,883.5,100.45
2017-06-13,4.239,118.15,8058.0,302.8,898.0,101.0
2017-06-14,4.24,115.35,8113.0,305.1,887.5,103.0
2017-06-15,4.237,115.49,8011.0,290.1,870.0,101.0
2017-06-16,4.24,116.02,8154.0,291.8,883.0,99.99
2017-06-19,4.259,117.33,8250.0,294.9,796.0,100.98
2017-06-20,4.35,117.44,8311.0,292.9,785.0,98.48
2017-06-21,4.38,117.97,8290.0,291.0,802.5,102.0
2017-06-22,4.439,119.55,7850.0,298.9,804.0,99.65
2017-06-23,4.435,119.1,8015.0,305.9,806.5,98.95
2017-06-26,4.45,118.67,7999.0,302.5,815.0,98.99
2017-06-27,4.48,119.35,8126.0,301.6,824.0,96.75
2017-06-28,4.498,119.7,8175.0,300.4,817.0,97.88
2017-06-29,4.491,119.16,8180.0,295.1,820.5,94.01
2017-06-30,4.5,118.49,8068.0,296.9,820.0,93.99
2017-07-03,4.522,119.86,8246.0,303.5,820.0,93.71
2017-07-04,4.54,122.73,8197.0,308.0,833.5,92.0
2017-07-05,4.539,122.7,8288.0,302.4,833.0,89.4
2017-07-06,4.539,122.68,8343.0,300.0,845.0,90.9
2017-07-07,4.5,123.0,8373.0,295.2,869.0,92.0
2017-07-10,4.534,124.25,8515.0,295.0,865.0,93.35
2017-07-11,4.542,124.78,8591.0,292.4,848.5,91.77
2017-07-12,4.56,124.87,8600.0,294.0,857.5,91.7
2017-07-13,4.554,125.55,8496.0,292.0,861.5,91.8
2017-07-14,4.555,125.0,8480.0,298.4,861.0,90.0
2017-07-17,4.56,125.14,8593.0,299.6,859.5,89.1
2017-07-18,4.562,124.49,8574.0,295.4,861.0,86.88
2017-07-19,4.555,120.11,8693.0,296.6,828.0,88.16
2017-07-20,4.56,120.6,8410.0,295.9,797.0,89.98
2017-07-21,4.53,118.95,8388.0,294.5,789.5,88.94
2017-07-24,4.548,119.17,8585.0,294.0,778.0,89.8
2017-07-25,4.522,118.4,8675.0,281.2,782.0,88.87
2017-07-26,4.528,119.0,8646.0,287.8,765.0,88.86
2017-07-27,4.555,118.68,8865.0,290.5,758.5,90.98
2017-07-28,4.495,116.9,8831.0,287.2,728.5,89.97
2017-07-31,4.436,116.1,8930.0,292.8,725.0,90.5
2017-08-01,4.505,117.99,9055.0,291.5,733.0,91.25
2017-08-02,4.529,119.09,9142.0,295.1,738.5,91.3
2017-08-03,4.538,119.58,9095.0,294.7,760.0,91.3
2017-08-04,4.505,119.45,9099.0,294.4,753.0,91.3
2017-08-07,4.533,119.5,9270.0,290.0,770.0,91.2
2017-08-08,4.508,119.67,9200.0,292.0,781.0,91.2
2017-08-09,4.455,118.68,9269.0,291.0,780.0,92.0
2017-08-10,4.502,118.05,9180.0,289.8,770.5,91.7
2017-08-11,4.499,116.93,9000.0,293.5,777.5,91.15
2017-08-14,4.51,117.4,9050.0,294.8,788.5,92.95
2017-08-15,4.51,117.59,8919.0,293.9,790.0,92.25
2017-08-16,4.424,116.75,8725.0,292.2,790.5,90.8
2017-08-17,4.425,116.22,8768.0,294.6,807.0,91.65
2017-08-18,4.44,116.0,8899.0,295.0,816.0,92.9
2017-08-21,4.511,115.92,9005.0,295.5,812.0,92.05
2017-08-22,4.548,116.0,9071.0,296.5,806.5,93.4
2017-08-23,4.58,115.75,9130.0,295.5,799.0,93.3
2017-08-24,4.602,116.56,9220.0,295.6,814.0,94.0
2017-08-25,4.62,117.85,9150.0,295.3,829.0,96.9
2017-08-28,4.617,118.75,9289.0,290.5,840.5,99.0
2017-08-29,4.575,118.3,9473.0,292.0,820.0,98.95
2017-08-30,4.571,118.2,9500.0,291.9,796.5,98.25
2017-08-31,4.58,117.97,9790.0,289.9,779.5,99.9
2017-09-01,4.576,117.4,9803.0,292.7,789.0,99.5
2017-09-04,4.553,117.0,9746.0,290.0,780.0,98.1
2017-09-05,4.557,116.0,9692.0,298.7,785.0,96.5
2017-09-06,4.534,117.14,9825.0,314.0,809.5,95.5
2017-09-07,4.543,117.95,9660.0,312.5,807.5,96.6
2017-09-08,4.554,120.34,9675.0,314.2,803.0,97.25
2017-09-11,4.524,121.0,9667.0,314.5,805.0,99.15
2017-09-12,4.496,121.99,9867.0,310.5,805.5,101.0
2017-09-13,4.48,123.55,9650.0,311.0,809.0,101.05
2017-09-14,4.392,123.33,9560.0,321.0,814.5,99.1
2017-09-15,4.449,122.5,9535.0,316.0,816.5,97.85
2017-09-18,4.373,122.72,9547.0,312.1,811.5,99.6
2017-09-19,4.363,121.75,9613.0,310.1,809.5,102.4
2017-09-20,4.399,122.25,9673.0,310.1,808.0,100.6
2017-09-21,4.355,122.34,9710.0,312.0,821.0,101.85
2017-09-22,4.37,121.95,9593.0,310.0,814.0,101.6
2017-09-25,4.444,123.03,9650.0,314.7,814.0,102.7
2017-09-26,4.536,123.03,9607.0,318.6,812.0,103.25
2017-09-27,4.58,123.36,9649.0,315.1,807.5,104.3
2017-09-28,4.573,122.5,9648.0,317.0,805.0,103.2
2017-09-29,4.599,122.2,9920.0,316.3,807.0,102.7
2017-10-02,4.583,121.9,10134.0,317.7,800.0,102.6
2017-10-03,4.59,120.78,10253.0,319.3,787.0,101.5
2017-10-04,4.58,121.76,10213.0,321.2,783.5,101.1
2017-10-05,4.584,123.5,10328.0,324.3,781.0,101.5
2017-10-06,4.593,123.47,10313.0,320.5,782.0,101.5
2017-10-09,4.56,124.81,10438.0,315.4,795.5,102.5
2017-10-10,4.515,124.44,10254.0,319.0,799.5,102.5
2017-10-11,4.53,126.0,10275.0,324.8,827.5,101.4
2017-10-12,4.514,125.93,10155.0,326.3,829.5,101.8
2017-10-13,4.517,126.86,10490.0,325.3,831.0,100.55
2017-10-16,4.625,127.17,10780.0,309.8,827.0,100.65
2017-10-17,4.595,125.15,10730.0,311.5,827.5,99.75
2017-10-18,4.645,126.7,10756.0,316.0,823.5,100.15
2017-10-19,4.531,125.5,10527.0,311.5,815.0,100.15
2017-10-20,4.549,126.7,10696.0,316.9,828.0,100.65
2017-10-23,4.521,126.8,10673.0,316.0,815.5,101.9
2017-10-24,4.518,126.02,10666.0,311.5,817.0,101.75
2017-10-25,4.506,125.0,10390.0,312.8,813.0,97.65
2017-10-26,4.51,124.2,10425.0,314.2,813.0,100.2
2017-10-27,4.568,125.94,10532.0,312.8,825.5,99.95
2017-10-30,4.553,125.98,10590.0,312.0,820.5,102.0
2017-10-31,4.547,125.9,10592.0,311.6,815.0,101.5
2017-11-01,4.55,126.5,11050.0,310.9,817.0,101.1
2017-11-02,4.54,125.67,11350.0,310.0,813.5,103.4
2017-11-03,4.553,125.9,11551.0,311.4,816.0,107.75
2017-11-07,4.604,132.28,11610.0,314.0,833.0,108.3
2017-11-08,4.648,132.3,11455.0,312.9,826.0,109.0
2017-11-09,4.61,131.5,11465.0,310.6,821.5,108.0
2017-11-10,4.592,132.5,11400.0,313.9,821.5,106.0
2017-11-13,4.59,133.32,11470.0,315.2,815.0,103.5
2017-11-14,4.577,132.93,11151.0,316.8,810.0,105.7
2017-11-15,4.532,131.21,10803.0,307.3,809.0,106.35
2017-11-16,4.521,129.2,11044.0,316.3,807.0,109.7
2017-11-17,4.5,129.65,10813.0,309.9,796.5,106.85
2017-11-20,4.471,129.96,10544.0,309.1,802.0,107.2
2017-11-21,4.429,132.49,10515.0,305.6,793.5,107.9
2017-11-22,4.362,132.57,10768.0,305.0,809.0,107.85
2017-11-23,4.382,131.6,10609.0,313.0,820.0,106.95
2017-11-24,4.329,133.57,10750.0,304.5,814.0,106.75
2017-11-27,4.334,133.5,10550.0,302.0,806.5,106.65
2017-11-28,4.304,135.18,10220.0,304.5,807.5,106.8
2017-11-29,4.288,133.55,10107.0,299.0,806.0,106.75
2017-11-30,4.35,132.15,9876.0,299.6,796.0,108.8
2017-12-01,4.3,133.02,10080.0,303.5,799.0,106.0
2017-12-04,4.299,133.77,10166.0,311.1,801.5,106.1
2017-12-05,4.297,133.65,10077.0,317.3,793.5,104.15
2017-12-06,4.3,134.0,10166.0,320.0,779.0,104.0
2017-12-07,4.294,133.02,10063.0,323.8,773.0,101.0
2017-12-08,4.294,132.6,10077.0,312.8,771.0,101.0
2017-12-11,4.273,134.65,10423.0,316.0,769.0,100.85
2017-12-12,4.29,135.5,10787.0,310.6,766.0,92.55
2017-12-13,4.28,135.56,10512.0,308.4,762.5,94.7
2017-12-14,4.265,135.91,10669.0,310.2,756.0,92.0
2017-12-15,4.25,135.5,10595.0,308.2,760.0,94.1
2017-12-18,4.234,134.25,10680.0,308.8,759.0,91.5
2017-12-19,4.26,133.96,10653.0,307.0,769.0,91.55
2017-12-20,4.23,132.5,10613.0,305.3,760.5,89.7
2017-12-21,4.3,131.7,10531.0,306.9,792.5,87.8
2017-12-22,4.31,132.42,10710.0,307.1,817.5,91.75
2017-12-25,4.414,131.96,10655.0,306.0,822.5,95.95
2017-12-26,4.543,131.2,10629.0,309.9,822.0,96.1
2017-12-27,4.63,130.99,10621.0,319.4,809.5,94.75
2017-12-28,4.691,130.53,10694.0,324.9,813.0,95.9
2017-12-29,4.742,130.5,10850.0,326.5,826.5,95.95
2018-01-03,4.735,132.2,11302.0,327.4,824.5,97.2
2018-01-04,4.741,135.89,11585.0,327.5,820.0,99.2
2018-01-05,4.705,137.12,11565.0,327.8,825.5,99.2
2018-01-09,4.717,140.0,11675.0,323.0,828.0,98.5
2018-01-10,4.705,143.43,11655.0,322.4,818.0,99.25
2018-01-11,4.72,144.58,11662.0,325.8,840.0,99.55
2018-01-12,4.732,143.99,11600.0,317.0,861.0,99.85
2018-01-15,4.735,142.99,11750.0,315.4,871.0,98.0
2018-01-16,4.683,145.29,11375.0,311.5,858.0,98.4
2018-01-17,4.702,148.7,11498.0,314.3,833.5,98.25
2018-01-18,4.722,150.35,11560.0,307.8,826.5,100.0
2018-01-19,4.765,149.13,11470.0,296.5,820.5,98.0
2018-01-22,4.755,150.3,11488.0,303.8,837.0,97.95
2018-01-23,4.729,148.8,11198.0,313.0,836.5,96.1
2018-01-24,4.731,149.7,11325.0,312.1,836.0,92.95
2018-01-25,4.781,149.8,11537.0,311.5,840.0,92.75
2018-01-26,4.728,147.19,11420.0,306.5,844.0,92.6
2018-01-29,4.71,144.75,11539.0,306.0,851.5,93.2
2018-01-30,4.688,143.5,11483.0,307.0,846.5,92.7
2018-01-31,4.66,143.36,11608.0,306.0,842.0,92.5
2018-02-01,4.705,145.39,11639.0,305.6,830.0,91.4
2018-02-02,4.687,144.0,11496.0,306.0,829.0,92.35
2018-02-05,4.677,144.53,11581.0,307.8,832.0,92.25
2018-02-06,4.601,141.59,11308.0,305.5,819.0,92.0
2018-02-07,4.668,141.0,11268.0,305.0,825.0,92.3
2018-02-08,4.64,137.2,11110.0,305.0,823.5,92.05
2018-02-09,4.596,135.56,11101.0,304.7,825.0,91.35
2018-02-12,4.629,137.3,11147.0,309.3,824.0,90.5
2018-02-13,4.67,139.85,11500.0,314.5,824.0,90.7
2018-02-14,4.659,138.89,11761.0,314.9,825.0,90.55
2018-02-15,4.663,137.06,11785.0,313.2,823.0,90.1
2018-02-16,4.67,137.06,10810.0,316.7,820.5,90.1
2018-02-19,4.665,138.31,11171.0,314.9,839.0,90.0
2018-02-20,4.68,141.32,11060.0,320.0,842.0,89.75
2018-02-21,4.718,144.0,11300.0,316.8,843.0,90.1
2018-02-22,4.73,145.97,11380.0,319.4,838.0,89.25
2018-02-26,4.777,147.0,11874.0,322.0,843.0,89.0
2018-02-27,4.75,146.5,11550.0,316.0,850.0,88.5
2018-02-28,4.734,143.16,11159.0,323.1,859.0,90.5
2018-03-01,4.74,140.1,11173.0,322.1,872.0,89.85
2018-03-02,4.7,138.57,11248.0,323.1,885.0,89.6
2018-03-05,4.726,141.6,11199.0,318.5,900.0,90.3
2018-03-06,4.74,140.59,11161.0,320.0,904.0,90.0
2018-03-07,4.742,138.56,11160.0,319.0,916.0,89.85
2018-03-09,4.746,139.81,11077.0,321.7,922.0,90.05
2018-03-12,4.805,141.35,11157.0,322.4,910.0,90.25
2018-03-13,4.802,142.75,11101.0,323.5,900.5,95.0
2018-03-14,4.8,138.8,10881.0,322.9,880.0,96.0
2018-03-15,4.9,138.25,10890.0,323.5,870.0,95.0
2018-03-16,4.75,141.0,10927.0,324.8,864.0,97.0
2018-03-19,4.83,139.91,10911.0,318.7,849.5,96.15
2018-03-20,4.83,142.45,10950.0,316.7,847.5,96.15
2018-03-21,4.85,141.51,10932.0,317.7,858.5,97.0
2018-03-22,4.816,139.5,11003.0,315.9,850.0,96.55
2018-03-23,4.821,142.0,10998.0,318.4,846.0,97.0
2018-03-26,4.799,138.27,10750.0,313.0,853.0,95.75
2018-03-27,4.815,140.8,10728.0,319.0,863.5,96.3
2018-03-28,4.81,140.47,10695.0,316.0,870.0,96.0
2018-03-29,4.829,142.8,10795.0,316.7,875.0,95.95
2018-03-30,4.849,142.33,10760.0,315.2,874.0,96.45
2018-04-02,4.816,140.32,10800.0,314.0,865.0,96.4
2018-04-03,4.79,141.13,10830.0,314.0,872.5,96.05
2018-04-04,4.76,140.18,10735.0,313.7,877.5,95.5
2018-04-05,4.805,140.5,10744.0,316.0,883.0,95.55
2018-04-06,4.803,141.5,10733.0,315.4,882.5,94.15
2018-04-09,4.663,135.01,9170.0,312.9,825.0,91.0
2018-04-10,4.645,141.8,9810.0,308.6,830.0,89.45
2018-04-11,4.73,145.27,9888.0,310.7,818.0,89.0
2018-04-12,4.729,145.99,10376.0,310.5,829.0,90.45
2018-04-13,4.761,142.58,10490.0,307.0,829.5,90.05
2018-04-16,4.71,141.5,9900.0,313.2,810.0,90.0
2018-04-17,4.775,142.4,10229.0,307.4,808.0,88.9
2018-04-18,4.82,144.75,10672.0,309.2,821.0,89.05
2018-04-19,4.785,143.4,10685.0,312.3,826.0,88.55
2018-04-20,4.775,144.4,10615.0,309.0,825.0,89.7
2018-04-23,4.765,143.99,10875.0,306.9,825.5,89.9
2018-04-24,4.701,144.14,10860.0,307.6,832.5,89.65
2018-04-25,4.662,142.7,10803.0,307.6,828.5,90.25
2018-04-26,4.623,145.48,10988.0,307.0,832.5,92.0
2018-04-27,4.622,144.5,10989.0,307.9,834.5,93.0
2018-04-28,4.68,144.3,10949.0,307.6,841.0,92.95
2018-04-30,4.62,145.93,10814.0,306.3,836.0,93.4
2018-05-02,4.535,144.94,11040.0,306.8,831.5,93.5
2018-05-03,4.605,142.7,10856.0,308.8,840.0,93.5
2018-05-04,4.649,143.73,10996.0,317.2,838.0,95.15
2018-05-07,4.73,144.05,11150.0,322.5,842.0,95.45
2018-05-08,4.794,145.48,11094.0,321.1,840.5,95.95
2018-05-10,4.753,146.38,10730.0,324.6,830.0,95.75
2018-05-11,4.788,150.7,10729.0,322.9,834.0,95.2
2018-05-14,4.845,150.98,10778.0,323.8,827.0,95.15
2018-05-15,4.86,149.2,10915.0,326.1,829.0,95.35
2018-05-16,4.815,148.59,10800.0,327.8,826.5,95.9
2018-05-17,4.845,147.15,10790.0,326.0,826.0,96.25
2018-05-18,4.91,145.65,10732.0,320.0,824.0,96.65
2018-05-21,4.868,146.76,10922.0,321.5,823.0,96.8
2018-05-22,4.813,146.5,10998.0,324.5,823.5,96.9
2018-05-23,4.719,146.06,10850.0,326.0,814.0,95.4
2018-05-24,4.69,145.27,10880.0,326.5,815.0,96.5
2018-05-25,4.68,145.09,11090.0,330.0,819.5,96.5
2018-05-28,4.68,145.09,11170.0,332.0,824.5,93.1
2018-05-29,4.696,143.9,11144.0,330.9,843.0,95.3
2018-05-30,4.749,143.26,11066.0,327.8,836.0,94.8
2018-05-31,4.842,145.0,11111.0,329.8,836.5,95.0
2018-06-01,4.741,144.0,11150.0,331.9,843.5,93.95
2018-06-04,4.71,146.44,11474.0,331.6,864.5,94.9
2018-06-05,4.715,146.0,11551.0,330.8,866.0,94.0
2018-06-06,4.676,146.9,11640.0,331.8,865.0,94.4
2018-06-07,4.7,146.05,11644.0,333.3,860.0,94.15
2018-06-08,4.733,143.05,11355.0,332.5,845.5,94.05
2018-06-09,4.775,144.08,11484.0,333.3,859.0,94.6
2018-06-11,4.719,142.28,11500.0,334.6,858.5,94.4
2018-06-13,4.81,141.0,11275.0,334.6,853.0,94.15
2018-06-14,4.85,139.4,11161.0,333.4,843.5,94.0
2018-06-15,4.98,137.73,11066.0,337.0,841.0,94.5
2018-06-18,4.9,136.52,11051.0,331.6,845.5,93.5
2018-06-19,4.908,135.5,11126.0,334.9,840.0,93.5
2018-06-20,4.92,136.91,11243.0,332.9,844.0,93.6
2018-06-21,4.875,134.4,11224.0,335.6,835.5,93.8
2018-06-22,4.852,136.76,11222.0,318.2,833.0,92.55
2018-06-25,4.865,137.1,11285.0,331.8,840.0,92.5
2018-06-26,4.892,138.07,11222.0,332.9,847.5,92.5
2018-06-27,4.897,139.0,11100.0,331.9,846.0,92.0
2018-06-28,4.905,138.76,11115.0,333.7,849.0,91.55
2018-06-29,4.927,141.01,11399.0,334.0,849.5,92.0
2018-07-02,4.895,144.0,11600.0,335.0,847.0,91.1
2018-07-03,4.82,142.49,11540.0,335.0,843.5,93.0
2018-07-04,4.83,142.24,11458.0,334.5,853.0,90.95
2018-07-05,4.825,145.55,11566.0,335.0,844.0,91.0
2018-07-06,4.781,144.96,11698.0,339.4,850.0,91.1
2018-07-09,4.72,148.0,11799.0,337.6,784.5,91.4
2018-07-10,4.724,147.3,11725.0,338.4,781.5,91.35
2018-07-11,4.721,144.77,11260.0,342.7,775.0,91.0
2018-07-12,4.7,145.08,11359.0,337.9,780.0,91.7
2018-07-13,4.73,146.87,11398.0,343.6,780.0,90.7
2018-07-16,4.744,147.0,10680.0,339.2,779.0,91.6
2018-07-17,4.73,145.31,10610.0,345.2,784.5,91.05
2018-07-18,4.745,138.29,10574.0,337.4,782.5,91.25
2018-07-19,4.744,137.58,10350.0,339.9,772.0,90.7
2018-07-20,4.8,136.47,10255.0,338.9,778.5,91.0
2018-07-23,4.81,138.37,10314.0,342.7,779.5,90.8
2018-07-24,4.825,138.85,10760.0,343.5,778.0,90.5
2018-07-25,4.8,138.21,10845.0,339.8,773.5,89.5
2018-07-26,4.855,138.18,10827.0,340.8,773.5,90.0
2018-07-27,4.89,137.99,10848.0,341.2,773.0,89.95
2018-07-30,4.911,138.9,10866.0,341.2,770.0,89.8
2018-07-31,4.944,143.79,10882.0,342.5,774.0,89.8
2018-08-01,4.962,142.14,10782.0,341.2,772.0,89.7
2018-08-02,4.969,140.36,10700.0,339.3,770.0,88.85
2018-08-03,4.982,142.39,10814.0,341.3,770.5,88.2
2018-08-06,5.02,141.34,10770.0,348.5,777.0,89.75
2018-08-07,4.94,142.74,10830.0,344.1,777.0,89.9
2018-08-08,4.9,144.1,10830.0,346.6,771.0,88.5
2018-08-09,4.956,145.2,10999.0,349.9,767.5,87.75
2018-08-10,4.91,144.8,10800.0,351.9,763.0,86.9
2018-08-13,4.95,142.9,11005.0,350.7,757.0,87.25
2018-08-14,4.955,141.24,10990.0,350.0,754.0,88.0
2018-08-15,4.976,141.5,11000.0,358.6,756.0,86.85
2018-08-16,4.965,140.88,10901.0,359.0,752.0,86.75
2018-08-17,4.978,141.01,10821.0,348.5,752.5,84.85
2018-08-20,4.944,141.51,10950.0,352.4,753.0,85.1
2018-08-21,5.019,143.3,10930.0,356.2,752.0,87.65
2018-08-22,5.02,144.16,11074.0,362.2,760.0,89.4
2018-08-23,4.99,141.5,10950.0,362.6,760.0,88.5
2018-08-24,5.048,143.6,11015.0,362.9,758.0,89.45
2018-08-27,5.052,144.52,11072.0,363.2,751.5,89.45
2018-08-28,5.027,145.6,11250.0,361.0,726.0,90.0
2018-08-29,5.005,147.88,11338.0,361.1,723.0,90.3
2018-08-30,4.981,145.98,11262.0,364.0,727.5,90.45
2018-08-31,5.0,149.95,11220.0,364.0,721.0,90.0
2018-09-03,4.996,148.73,11287.0,343.7,715.0,90.9
2018-09-04,5.022,147.4,11250.0,340.7,711.5,90.45
2018-09-05,5.0,147.06,11136.0,345.7,695.0,91.95
2018-09-06,4.976,147.06,11206.0,346.7,660.0,91.5
2018-09-07,4.974,148.8,11200.0,346.9,629.0,92.65
2018-09-10,4.994,150.75,11365.0,345.3,625.5,91.75
2018-09-11,4.995,152.36,11456.0,343.6,618.5,92.15
2018-09-12,4.984,155.05,11565.0,346.8,647.0,92.8
2018-09-13,4.934,153.5,11637.0,350.3,662.0,92.5
2018-09-14,4.957,152.15,11525.0,347.8,639.0,92.85
2018-09-17,4.951,155.46,11540.0,346.5,648.5,92.8
2018-09-18,4.95,157.08,11587.0,347.6,647.5,93.55
2018-09-19,5.001,157.39,11651.0,344.1,656.0,93.4
2018-09-20,5.0,154.35,11705.0,343.0,648.0,92.9
2018-09-21,5.095,158.64,12073.0,348.2,648.0,95.0
2018-09-24,5.087,159.0,11916.0,344.9,651.0,93.25
2018-09-25,5.045,160.84,11957.0,346.8,663.5,93.35
2018-09-26,5.026,159.27,11886.0,347.1,681.5,93.4
2018-09-27,5.016,161.8,11830.0,345.8,678.0,92.75
2018-09-28,5.049,162.61,11388.0,347.6,676.0,93.0
2018-10-01,5.047,161.89,11307.0,349.2,671.0,93.2
2018-10-02,5.039,162.59,11229.0,353.3,674.0,91.95
2018-10-03,5.052,169.47,11365.0,351.4,682.0,92.0
2018-10-04,5.09,168.5,11416.0,351.8,668.0,91.2
2018-10-05,5.022,170.5,11292.0,344.6,672.0,90.3
2018-10-08,5.002,171.81,11321.0,348.1,673.5,90.6
2018-10-09,5.04,172.11,11403.0,347.6,672.0,90.5
2018-10-10,5.079,166.2,11376.0,349.3,666.5,91.05
2018-10-11,5.02,161.92,11253.0,350.2,650.5,90.25
2018-10-12,5.045,167.0,11170.0,348.4,660.5,90.2
2018-10-15,5.026,164.0,11088.0,346.9,670.5,90.75
2018-10-16,5.027,165.99,11264.0,343.3,676.0,90.8
2018-10-17,5.08,164.56,11430.0,349.0,672.0,89.95
2018-10-18,5.043,160.18,11360.0,349.5,680.0,89.5
2018-10-19,4.99,161.32,11378.0,347.3,666.0,88.65
2018-10-22,4.991,155.7,11291.0,350.8,653.0,85.9
2018-10-23,4.945,153.61,11061.0,353.4,649.5,86.25
2018-10-24,5.017,154.7,11025.0,354.6,653.0,87.0
2018-10-25,4.998,155.65,10902.0,347.9,647.5,86.35
2018-10-26,4.95,152.5,10650.0,346.6,633.5,87.85
2018-10-29,4.965,152.52,10679.0,340.5,635.5,87.65
2018-10-30,4.941,151.3,10702.0,348.9,630.0,88.2
2018-10-31,5.028,155.47,11000.0,352.3,629.5,89.5
2018-11-01,5.02,153.5,11250.0,353.7,630.8,90.38
2018-11-02,5.061,153.71,11470.0,353.2,632.0,90.76
2018-11-06,5.112,156.0,11565.0,353.4,630.0,90.5
2018-11-07,5.11,157.85,11695.0,351.2,637.8,90.3
2018-11-08,5.112,157.51,11698.0,353.8,637.8,90.8
2018-11-09,5.057,153.19,11689.0,348.8,633.0,90.38
2018-11-12,5.078,150.89,11608.0,350.3,634.6,91.0
2018-11-13,5.059,148.83,11608.0,351.6,632.4,90.66
2018-11-14,5.08,151.85,11683.0,352.1,633.8,90.62
2018-11-15,5.061,154.14,11701.0,353.7,631.0,90.32
2018-11-16,5.052,153.16,11714.0,349.9,636.0,90.0
2018-11-19,5.052,154.1,11746.0,351.5,638.0,90.36
2018-11-20,5.005,151.51,11742.0,352.2,637.4,89.98
2018-11-21,5.043,152.4,11820.0,355.3,636.8,89.82
2018-11-22,5.041,153.91,11876.0,354.3,636.0,89.88
2018-11-23,5.027,151.79,11954.0,353.7,636.8,89.34
2018-11-26,4.965,149.53,11959.0,348.4,631.0,89.62
2018-11-27,4.991,153.8,12379.0,350.6,630.8,89.86
2018-11-28,5.025,165.58,12770.0,352.2,631.6,92.52
2018-11-29,5.043,164.99,12691.0,356.2,642.0,92.92
2018-11-30,5.195,161.29,12738.0,351.1,639.0,93.5
2018-12-03,5.15,165.4,12817.0,351.0,658.2,92.92
2018-12-04,5.122,164.2,12666.0,351.5,664.2,93.02
2018-12-05,5.09,164.57,12820.0,352.0,675.6,92.92
2018-12-06,5.045,160.62,12699.0,352.9,664.6,93.1
2018-12-07,5.075,163.0,12745.0,355.0,665.4,93.5
2018-12-10,5.111,161.0,12630.0,356.1,663.0,93.4
2018-12-11,5.14,158.6,12738.0,354.9,646.0,93.2
2018-12-12,5.082,155.79,12890.0,353.5,642.8,93.94
2018-12-13,5.099,156.49,13220.0,352.0,642.2,93.84
2018-12-14,5.098,155.4,13160.0,352.4,636.4,93.16
2018-12-17,5.138,153.53,13349.0,355.2,629.6,92.96
2018-12-18,5.12,151.89,13212.0,357.5,616.2,92.6
2018-12-19,5.0,152.98,13125.0,358.1,609.0,93.0
2018-12-20,5.11,152.27,13217.0,361.8,608.0,92.88
2018-12-21,5.12,151.12,13014.0,362.1,598.8,93.7
2018-12-24,5.117,149.73,12783.0,369.7,593.2,94.88
2018-12-25,5.1,147.01,12555.0,370.0,598.4,89.6
2018-12-26,5.16,148.41,12867.0,376.4,592.8,91.04
2018-12-27,5.173,150.68,12889.0,376.9,597.0,90.0
2018-12-28,5.166,153.0,13073.0,375.6,590.0,90.2
2018-12-29,5.17,153.5,13039.0,376.3,597.8,90.44
2019-01-03,5.17,156.28,12993.0,374.7,600.4,90.68
2019-01-04,5.173,159.15,13070.0,375.2,608.2,90.72
2019-01-08,5.174,158.26,13128.0,376.6,624.2,90.7
2019-01-09,5.152,160.24,13229.0,374.7,629.0,90.8
2019-01-10,5.163,160.2,13343.0,374.2,636.0,90.96
2019-01-11,5.182,161.0,13437.0,368.9,622.2,91.18
2019-01-14,5.159,160.48,13389.0,368.1,622.0,91.7
2019-01-15,5.16,158.15,13389.0,369.8,616.0,91.5
2019-01-16,5.154,156.9,13180.0,363.0,614.2,91.5
2019-01-17,5.145,157.1,13282.0,358.2,612.0,91.56
2019-01-18,5.17,159.2,13359.0,357.9,619.8,91.76
2019-01-21,5.203,158.3,13353.0,361.1,623.2,92.26
2019-01-22,5.175,158.5,13306.0,362.9,621.4,92.76
2019-01-23,5.238,159.9,13378.0,362.3,629.4,92.76
2019-01-24,5.228,160.9,13369.0,362.1,646.8,92.6
2019-01-25,5.25,162.82,13312.0,361.2,664.0,92.44
2019-01-28,5.259,160.56,13089.0,360.8,671.0,91.28
2019-01-29,5.28,162.95,13260.0,358.6,649.8,91.2
2019-01-30,5.28,165.4,13639.0,358.5,650.8,90.88
2019-01-31,5.375,162.82,13596.0,352.0,656.0,90.9
2019-02-01,5.373,163.33,13534.0,352.5,655.0,90.9
2019-02-04,5.435,163.2,13500.0,355.6,652.4,90.94
2019-02-05,5.488,164.25,13588.0,356.0,653.6,90.8
2019-02-06,5.518,163.21,13690.0,356.0,653.0,90.76
2019-02-07,5.471,160.39,13650.0,356.7,648.8,89.86
2019-02-08,5.495,159.8,13732.0,355.8,643.0,89.9
2019-02-11,5.517,161.29,13702.0,352.3,646.4,90.7
2019-02-12,5.524,163.68,13780.0,351.8,651.0,90.02
2019-02-13,5.494,159.27,13552.0,351.0,646.4,89.1
2019-02-14,5.445,155.15,13740.0,351.6,643.0,88.9
2019-02-15,5.458,159.04,13750.0,355.0,642.4,89.1
2019-02-18,5.422,156.43,13660.0,352.0,650.0,88.8
2019-02-19,5.412,154.03,13800.0,354.4,648.0,88.68
2019-02-20,5.45,154.43,14250.0,357.5,648.8,87.66
2019-02-21,5.44,153.5,14052.0,355.3,643.8,87.5
2019-02-22,5.461,154.64,14122.0,355.4,645.8,87.4
2019-02-25,5.45,154.6,14594.0,359.5,646.8,88.02
2019-02-26,5.435,155.36,14420.0,361.0,644.6,87.94
2019-02-27,5.44,156.4,14302.0,363.0,636.0,87.68
2019-02-28,5.515,158.99,14114.0,359.0,637.4,88.92
2019-03-01,5.5,156.71,14100.0,355.9,642.2,88.92
2019-03-04,5.501,154.4,13794.0,355.0,647.2,87.58
2019-03-05,5.465,153.2,13770.0,354.8,646.0,88.7
2019-03-06,5.518,154.2,14442.0,352.1,639.6,88.98
2019-03-07,5.854,151.9,14442.0,352.5,644.0,88.36
2019-03-11,5.9,151.6,14100.0,354.2,644.8,89.98
2019-03-12,5.94,151.64,14380.0,353.2,646.0,90.5
2019-03-13,5.943,153.3,13850.0,353.8,644.0,89.0
2019-03-14,5.965,152.68,13952.0,352.0,643.4,88.38
2019-03-15,5.93,154.56,14226.0,352.2,640.2,88.12
2019-03-18,5.96,155.84,14284.0,353.8,642.6,89.98
2019-03-19,5.952,155.5,14350.0,353.2,647.2,89.6
2019-03-20,5.932,156.09,14316.0,353.0,653.0,89.24
2019-03-21,5.93,155.33,14290.0,354.5,656.4,88.8
2019-03-22,5.933,152.29,14280.0,354.8,654.6,88.9
2019-03-25,5.949,152.29,14280.0,352.0,656.0,88.44
2019-03-26,5.97,151.12,14300.0,353.3,669.0,88.5
2019-03-27,5.953,149.49,13874.0,353.5,666.6,88.66
2019-03-28,5.96,149.98,13436.0,354.8,670.0,88.78
2019-03-29,5.967,149.61,13720.0,353.8,660.0,88.88
2019-04-01,5.97,154.53,13994.0,359.1,649.8,88.9
2019-04-02,5.98,155.0,14160.0,368.0,635.0,89.0
2019-04-03,5.968,156.99,14186.0,378.4,618.4,88.8
2019-04-04,5.964,158.89,14288.0,366.6,624.8,88.8
2019-04-05,5.976,158.6,14332.0,360.1,633.6,88.84
2019-04-08,5.98,160.5,14348.0,359.9,632.4,88.3
2019-04-09,5.989,162.7,14400.0,358.6,631.0,87.7
2019-04-10,5.997,162.88,14440.0,357.0,635.8,87.86
2019-04-11,5.94,158.04,14230.0,356.1,636.2,87.7
2019-04-12,5.96,159.12,14418.0,355.2,636.0,87.9
2019-04-15,5.954,158.33,14392.0,355.8,636.6,88.3
2019-04-16,5.937,162.24,14558.0,356.7,645.8,88.88
2019-04-17,5.998,164.0,14600.0,358.0,656.0,89.02
2019-04-18,5.96,161.79,14510.0,360.8,658.0,88.1
2019-04-19,5.975,162.57,14510.0,364.2,669.2,89.1
2019-04-22,5.959,163.5,14528.0,368.2,670.2,89.38
2019-04-23,5.968,162.42,14430.0,371.0,657.4,89.36
2019-04-24,5.946,160.57,14316.0,365.5,655.0,89.06
2019-04-25,5.929,159.31,14470.0,367.0,652.2,88.76
2019-04-26,5.935,161.0,14720.0,365.9,652.6,88.4
2019-04-29,5.938,163.93,14490.0,367.1,660.0,88.14
2019-04-30,5.93,163.95,14342.0,365.5,666.0,88.44
2019-05-02,5.93,165.71,14280.0,370.0,666.0,88.24
2019-05-03,5.988,166.31,14238.0,374.2,667.0,88.34
2019-05-06,5.988,165.45,14400.0,373.8,666.6,88.88
2019-05-07,5.976,164.21,14152.0,373.0,661.8,89.72
2019-05-08,5.97,163.57,14108.0,377.0,654.2,88.92
2019-05-10,5.935,163.61,13922.0,378.4,651.0,88.86
2019-05-13,5.943,163.0,13970.0,380.4,643.2,89.12
2019-05-14,5.972,189.67,13954.0,384.1,650.0,88.88
2019-05-15,5.981,195.61,13800.0,384.6,653.4,89.42
2019-05-16,5.954,202.7,13560.0,386.2,685.0,89.88
2019-05-17,5.951,198.89,13590.0,384.4,688.8,89.8
2019-05-20,5.95,200.8,13358.0,382.7,682.2,89.86
2019-05-21,5.96,207.8,13548.0,380.4,683.2,89.96
2019-05-22,5.971,208.1,13782.0,384.0,683.2,89.68
2019-05-23,5.947,208.86,13520.0,381.5,675.4,89.8
2019-05-24,5.974,204.5,13602.0,386.2,681.6,85.58
2019-05-27,5.982,206.2,13710.0,387.4,680.8,85.2
2019-05-28,6.145,203.13,13640.0,387.6,682.2,85.74
2019-05-29,5.995,207.14,13708.0,389.6,684.0,85.32
2019-05-30,5.98,213.1,13700.0,389.9,689.0,85.3
2019-05-31,5.96,215.1,13718.0,368.4,693.2,84.7
2019-06-03,5.97,235.51,13770.0,366.2,685.0,84.66
2019-06-04,5.975,230.16,13796.0,370.8,690.6,85.5
2019-06-05,5.975,230.01,13772.0,367.1,698.0,85.2
2019-06-06,5.988,231.45,13850.0,371.0,704.2,85.7
2019-06-07,5.98,230.5,13802.0,370.6,715.2,85.48
2019-06-10,5.973,232.1,13852.0,368.9,715.0,85.26
2019-06-11,5.976,234.86,14304.0,368.9,728.8,85.32
2019-06-13,5.961,234.44,14676.0,369.9,739.2,85.2
2019-06-14,5.957,231.51,14602.0,369.6,740.2,84.96
2019-06-17,5.954,229.81,14506.0,370.0,747.0,84.74
2019-06-18,5.965,232.13,14750.0,369.8,745.2,84.76
2019-06-19,5.967,232.46,14868.0,370.3,747.0,86.06
2019-06-20,5.978,232.52,14224.0,370.6,745.2,86.38
2019-06-21,5.975,229.09,14180.0,368.7,752.0,87.0
2019-06-24,5.973,232.38,14272.0,370.4,771.6,86.62
2019-06-25,5.951,232.09,14060.0,372.8,776.4,85.98
2019-06-26,5.963,233.1,14148.0,373.6,804.4,85.8
2019-06-27,5.973,232.6,14168.0,373.6,787.2,85.8
2019-06-28,5.965,232.83,14308.0,374.9,782.2,85.8
2019-07-01,6.109,245.5,14236.0,374.1,795.0,85.44
2019-07-02,5.971,246.65,14420.0,374.1,794.0,85.64
2019-07-03,5.99,251.6,14432.0,371.8,790.4,85.9
2019-07-04,5.955,255.35,14280.0,371.6,784.8,86.72
2019-07-05,5.986,250.89,14450.0,378.0,785.0,86.72
2019-07-08,5.968,248.51,14366.0,374.3,790.0,87.02
2019-07-09,5.965,250.17,14292.0,375.8,746.4,86.8
2019-07-10,5.96,250.21,14270.0,375.4,759.2,87.86
2019-07-11,5.942,247.2,14146.0,376.9,755.0,87.54
2019-07-12,5.945,245.5,14194.0,375.6,750.4,87.8
2019-07-15,5.952,240.3,14266.0,379.0,753.8,87.9
2019-07-16,5.95,238.01,14440.0,380.9,753.2,88.96
2019-07-17,5.947,220.19,14480.0,383.9,751.2,89.32
2019-07-18,5.95,218.3,14770.0,383.7,761.0,90.74
2019-07-19,5.95,216.0,14902.0,379.6,769.0,90.8
2019-07-22,5.961,217.12,14652.0,379.3,765.6,90.52
2019-07-23,5.96,217.39,14668.0,382.2,767.0,90.5
2019-07-24,5.965,212.0,14648.0,383.2,763.0,89.8
2019-07-25,5.97,219.0,14590.0,387.0,760.2,89.48
2019-07-26,5.965,234.23,14392.0,387.2,752.0,89.5
2019-07-29,5.966,236.73,14416.0,396.7,750.2,89.7
2019-07-30,5.96,237.1,14510.0,396.2,763.0,88.56
2019-07-31,5.962,236.9,14646.0,395.0,778.8,89.68
2019-08-01,5.966,234.28,14448.0,393.6,775.0,90.0
2019-08-02,5.951,227.91,14320.0,393.9,764.4,88.84
2019-08-05,5.943,223.61,14192.0,404.0,747.4,89.02
2019-08-06,5.96,226.76,14482.0,397.2,747.0,89.26
2019-08-07,5.95,227.67,14700.0,388.4,752.0,89.74
2019-08-08,5.964,231.21,15084.0,384.2,763.2,89.78
2019-08-09,5.96,229.96,14800.0,381.8,750.2,90.24
2019-08-12,5.968,230.24,15024.0,382.1,742.4,89.76
2019-08-13,5.96,229.87,14858.0,378.1,736.2,89.08
2019-08-14,5.954,227.1,14804.0,379.2,713.8,88.7
2019-08-15,5.947,227.15,14924.0,377.7,715.0,87.0
2019-08-16,5.942,224.71,14652.0,376.1,715.0,87.4
2019-08-19,5.941,226.8,14758.0,382.4,712.2,87.14
2019-08-20,5.885,231.54,15150.0,381.4,706.0,87.4
2019-08-21,5.899,231.22,15120.0,384.6,717.2,87.88
2019-08-22,5.863,232.06,15460.0,382.7,718.0,89.3
2019-08-23,5.855,229.35,15382.0,384.3,710.4,88.7
2019-08-26,5.863,228.9,15340.0,381.7,714.4,89.5
2019-08-27,5.87,227.0,15386.0,380.0,718.4,89.76
2019-08-28,5.886,228.48,15430.0,384.4,731.2,90.02
2019-08-29,5.93,233.2,15558.0,385.4,755.0,90.7
2019-08-30,5.958,232.15,16088.0,387.3,763.4,90.2
2019-09-02,5.977,233.67,16500.0,387.9,753.4,90.5
2019-09-03,5.947,231.02,16340.0,385.1,739.4,89.6
2019-09-04,5.959,233.71,16500.0,385.7,759.0,90.4
2019-09-05,5.966,236.18,16390.0,384.8,755.4,90.48
2019-09-06,5.945,234.49,16198.0,386.0,753.0,90.5
2019-09-09,5.943,234.85,15940.0,387.0,746.8,90.34
2019-09-10,5.94,233.0,15944.0,388.1,745.2,90.4
2019-09-11,5.949,235.07,16004.0,388.3,753.8,90.1
2019-09-12,5.93,232.88,15950.0,389.2,751.0,90.48
2019-09-13,5.91,232.5,15650.0,390.9,754.0,90.88
2019-09-16,5.919,234.88,15846.0,391.2,749.4,90.2
2019-09-17,5.917,233.58,15830.0,392.1,752.0,90.26
2019-09-18,5.921,233.46,16100.0,390.4,753.2,90.28
2019-09-19,5.905,230.52,15954.0,390.0,761.8,90.0
2019-09-20,5.951,230.41,16128.0,402.0,745.4,90.2
2019-09-23,5.901,230.36,16308.0,390.9,739.4,90.3
2019-09-24,5.89,227.7,16096.0,387.9,733.6,89.72
2019-09-25,5.776,228.43,16272.0,387.0,727.6,89.94
2019-09-26,5.783,231.97,16388.0,397.0,730.6,90.02
2019-09-27,5.776,229.01,16468.0,399.8,731.0,89.68
2019-09-30,5.778,225.9,16686.0,400.5,722.0,88.92
2019-10-01,5.777,226.49,16720.0,395.7,720.2,89.38
2019-10-02,5.761,223.6,16670.0,388.1,716.2,89.64
2019-10-03,5.752,223.1,16602.0,388.2,714.0,89.6
2019-10-04,5.741,221.66,15894.0,399.5,706.8,89.6
2019-10-07,5.754,226.36,16048.0,385.9,712.0,89.66
2019-10-08,5.756,223.2,16030.0,395.0,709.0,90.26
2019-10-09,5.763,223.18,16104.0,385.0,712.6,90.16
2019-10-10,5.773,224.5,16140.0,342.0,713.4,90.08
2019-10-11,5.758,227.37,16078.0,338.5,714.6,89.8
2019-10-14,5.745,226.0,15940.0,337.0,712.0,90.52
2019-10-15,5.764,226.0,16022.0,336.0,712.4,91.22
2019-10-16,5.785,227.7,16156.0,334.1,713.0,93.96
2019-10-17,5.777,228.0,16170.0,338.1,707.6,94.3
2019-10-18,5.78,228.0,16250.0,338.8,704.4,93.94
2019-10-21,5.789,228.54,16306.0,335.3,711.0,94.26
2019-10-22,5.823,235.36,16462.0,336.0,715.4,95.0
2019-10-23,5.8,236.2,16544.0,337.4,712.0,96.0
2019-10-24,5.755,243.94,17130.0,335.0,718.0,95.98
2019-10-25,5.87,246.71,17200.0,336.0,715.0,95.24
2019-10-28,5.778,244.4,17714.0,335.2,713.4,95.86
2019-10-29,5.74,253.1,17948.0,334.0,714.6,97.2
2019-10-30,5.76,261.6,18192.0,340.1,714.0,96.96
2019-10-31,5.772,260.0,17888.0,348.0,709.8,95.9
2019-11-01,5.797,263.79,18186.0,354.7,713.4,96.96
2019-11-05,5.565,263.0,18140.0,346.0,726.0,97.1
2019-11-06,5.45,266.98,18304.0,344.4,732.0,97.76
2019-11-07,5.611,270.74,18706.0,344.7,742.6,98.26
2019-11-08,5.614,266.0,18520.0,343.1,748.6,99.28
2019-11-11,5.62,260.4,18112.0,346.2,756.2,99.38
2019-11-12,5.62,257.25,17642.0,351.0,770.0,99.74
2019-11-13,5.514,251.8,17422.0,356.2,772.6,98.5
2019-11-14,5.604,248.34,17426.0,354.2,769.4,96.3
2019-11-15,5.69,248.01,17680.0,364.5,770.2,96.56
2019-11-18,5.671,246.15,17358.0,364.0,770.0,93.46
2019-11-19,5.723,248.01,17592.0,363.6,764.0,95.6
2019-11-20,5.677,248.0,17646.0,364.9,767.0,95.2
2019-11-21,5.687,254.35,17658.0,362.1,762.6,93.0
2019-11-22,5.678,251.99,17476.0,367.6,763.0,93.6
2019-11-25,5.698,255.2,17344.0,374.7,764.8,94.36
2019-11-26,5.83,254.0,17240.0,380.0,757.2,94.26
2019-11-27,5.91,253.89,17212.0,383.0,762.0,93.6
2019-11-28,5.918,254.0,17172.0,382.0,759.8,93.72
2019-11-29,5.939,257.54,17046.0,385.7,760.0,94.62
2019-12-02,5.918,254.05,17094.0,387.0,754.2,94.82
2019-12-03,5.87,247.93,17304.0,384.6,748.2,95.0
2019-12-04,5.903,248.93,17246.0,385.5,743.8,95.3
2019-12-05,5.881,246.36,17622.0,386.3,743.6,95.7
2019-12-06,5.93,247.83,18048.0,389.0,748.4,97.56
2019-12-09,5.997,248.7,18420.0,385.3,750.0,98.0
2019-12-10,5.955,246.9,18478.0,389.5,749.2,97.48
2019-12-11,5.972,247.34,18678.0,392.6,750.0,97.96
2019-12-12,5.99,250.48,18928.0,392.6,749.8,98.5
2019-12-13,5.996,249.5,19474.0,396.4,750.0,98.74
2019-12-16,5.99,250.78,19722.0,396.0,751.4,94.5
2019-12-17,5.996,252.05,19504.0,393.3,759.4,96.9
2019-12-18,5.941,251.29,19626.0,393.9,766.0,99.28
2019-12-19,5.905,251.4,19796.0,395.5,774.4,99.5
2019-12-20,5.874,255.5,19776.0,390.8,775.0,98.2
2019-12-23,5.904,255.0,19676.0,394.6,773.0,97.68
2019-12-24,5.871,254.87,19630.0,395.0,770.6,99.0
2019-12-25,5.859,253.25,19890.0,394.4,765.0,98.92
2019-12-26,5.862,254.1,19220.0,398.1,764.0,99.1
2019-12-27,5.888,257.11,19292.0,400.8,764.0,100.0
2019-12-30,5.879,256.4,19102.0,400.4,764.0,100.0
2020-01-03,5.917,259.0,19448.0,407.0,781.0,101.5
2020-01-06,5.886,256.55,19588.0,405.0,797.0,102.36
2020-01-08,5.907,255.79,19850.0,407.0,788.2,102.5
2020-01-09,5.918,254.07,19838.0,406.6,797.6,103.92
2020-01-10,5.901,251.9,19878.0,407.5,795.0,105.56
2020-01-13,5.88,251.5,20362.0,405.8,811.0,107.4
2020-01-14,5.849,250.0,20000.0,409.0,824.8,107.06
2020-01-15,5.81,251.3,20396.0,406.6,812.2,105.24
2020-01-16,5.887,254.26,20900.0,408.1,848.4,109.1
2020-01-17,5.969,255.39,21524.0,408.9,866.8,117.2
2020-01-20,6.018,253.5,21850.0,406.8,893.6,115.2
2020-01-21,5.973,252.99,21450.0,412.9,891.6,115.8
2020-01-22,5.915,248.1,21310.0,409.2,890.0,117.6
2020-01-23,5.844,239.3,21146.0,409.0,909.4,117.32
2020-01-24,5.848,237.95,21188.0,405.8,907.0,116.72
2020-01-27,5.794,230.96,21100.0,411.8,888.0,116.0
2020-01-28,5.828,235.0,21282.0,427.0,895.0,116.0
2020-01-29,5.846,232.0,21230.0,428.2,900.0,118.3
2020-01-30,5.8,231.53,20880.0,434.8,910.0,116.02
2020-01-31,5.778,226.7,20800.0,435.6,905.0,115.04
2020-02-03,5.761,227.64,20410.0,431.0,899.2,116.0
2020-02-04,5.822,230.5,20898.0,436.6,904.2,116.4
2020-02-05,5.886,232.56,21316.0,438.9,915.0,116.0
2020-02-06,5.86,231.38,21240.0,438.7,916.8,115.66
2020-02-07,5.818,229.11,21200.0,434.2,920.8,114.0
2020-02-10,5.722,225.2,21442.0,436.4,909.0,115.5
2020-02-11,5.805,233.9,21910.0,438.0,912.0,115.64
2020-02-12,5.831,238.03,21966.0,441.0,912.8,116.9
2020-02-13,5.799,233.55,21510.0,436.0,906.2,116.56
2020-02-14,5.8,232.5,21530.0,429.0,904.0,118.0
2020-02-17,5.834,233.75,21790.0,435.0,904.8,118.54
2020-02-18,5.81,230.5,21818.0,436.3,899.0,118.48
2020-02-19,5.895,231.9,22520.0,435.0,902.6,118.82
2020-02-20,5.922,234.6,22342.0,433.2,912.0,119.14
2020-02-21,5.91,232.0,22220.0,435.7,923.2,119.0
2020-02-25,5.733,224.68,21554.0,421.0,902.0,117.92
2020-02-26,5.747,224.76,21826.0,416.0,879.0,115.8
2020-02-27,5.635,217.5,21238.0,409.2,854.6,112.44
2020-02-28,5.65,202.65,20250.0,390.9,827.0,111.8
2020-03-02,5.631,198.78,20160.0,398.4,845.0,112.5
2020-03-03,5.734,201.48,20714.0,410.7,865.0,112.6
2020-03-04,5.758,200.0,20756.0,401.5,849.0,109.16
2020-03-05,5.712,198.0,20780.0,402.0,852.0,111.54
2020-03-06,5.576,188.27,21762.0,384.2,829.2,105.28
2020-03-10,5.39,171.0,21230.0,386.3,767.2,102.58
2020-03-11,5.361,172.03,20238.0,384.6,752.0,100.14
2020-03-12,5.135,163.73,18500.0,369.7,676.4,91.98
2020-03-13,5.233,166.1,18038.0,380.6,670.0,95.48
2020-03-16,5.132,168.07,17090.0,368.5,600.0,84.4
2020-03-17,5.072,167.0,17180.0,370.9,540.4,78.0
2020-03-18,4.922,166.34,15500.0,360.0,510.0,74.72
2020-03-19,5.203,174.56,16252.0,375.0,530.0,85.6
2020-03-20,5.43,176.26,16358.0,384.4,521.6,89.0
2020-03-23,5.267,168.35,16240.0,375.0,518.0,84.5
2020-03-24,5.5,177.95,19028.0,391.5,584.0,87.7
2020-03-25,5.425,180.2,19930.0,402.5,577.0,91.08
2020-03-26,5.421,181.5,20100.0,409.7,558.0,89.0
2020-03-27,5.266,174.5,19306.0,406.0,550.0,88.5
2020-03-30,5.336,176.44,19462.0,401.0,558.8,89.64
2020-03-31,5.495,181.41,19518.0,410.0,587.0,91.02
2020-04-01,5.402,180.06,18952.0,408.5,589.8,90.12
2020-04-02,5.465,187.04,18998.0,414.2,589.4,90.62
2020-04-03,5.433,189.77,19032.0,411.6,591.8,94.42
2020-04-06,5.551,191.1,19590.0,403.2,613.0,97.8
2020-04-07,5.633,191.22,19780.0,397.7,608.0,98.12
2020-04-08,5.63,194.11,20164.0,402.9,610.0,100.0
2020-04-09,5.689,193.86,21138.0,398.7,612.0,101.46
2020-04-10,5.639,192.0,20650.0,398.0,609.6,100.36
2020-04-13,5.535,188.07,20100.0,391.0,599.0,98.1
2020-04-14,5.525,190.11,20702.0,395.0,598.2,100.5
2020-04-15,5.289,184.25,19646.0,385.0,565.2,95.46
2020-04-16,5.315,184.3,19520.0,391.7,568.2,93.0
2020-04-17,5.335,184.68,19718.0,389.6,574.8,91.3
2020-04-20,5.313,185.51,20036.0,393.8,575.0,90.02
2020-04-21,5.206,181.92,19240.0,383.4,563.8,88.0
2020-04-22,5.273,188.36,19614.0,390.9,569.0,87.12
2020-04-23,5.31,188.73,20216.0,391.0,578.2,88.1
2020-04-24,5.235,185.71,20150.0,391.0,574.0,86.82
2020-04-27,5.273,186.29,20034.0,391.1,580.0,87.04
2020-04-28,5.302,188.5,20054.0,395.6,593.8,88.98
2020-04-29,5.355,193.87,20596.0,392.6,602.0,91.24
2020-04-30,5.45,190.0,20478.0,391.5,604.0,87.8
2020-05-04,5.397,185.7,20126.0,392.4,607.6,86.5
2020-05-05,5.412,190.0,20034.0,390.6,613.6,87.22
2020-05-06,5.373,187.05,19940.0,386.4,617.2,86.6
2020-05-07,5.387,185.85,20224.0,382.9,624.8,86.2
2020-05-08,5.391,185.34,20144.0,379.9,598.6,86.04
2020-05-12,5.404,186.17,21016.0,378.3,580.0,86.1
2020-05-13,5.33,184.2,20762.0,373.5,579.4,85.9
2020-05-14,5.278,183.91,20104.0,368.0,565.8,83.7
2020-05-15,5.288,183.85,20206.0,364.1,583.2,84.2
2020-05-18,5.395,192.5,21474.0,368.5,602.0,86.54
2020-05-19,5.401,194.2,21920.0,375.5,593.0,86.94
2020-05-20,5.477,196.74,22952.0,369.4,593.0,95.1
2020-05-21,5.349,194.74,22536.0,369.4,586.6,94.88
2020-05-22,5.342,194.35,22002.0,368.3,580.4,96.12
2020-05-25,5.363,197.55,22394.0,369.4,588.2,95.96
2020-05-26,5.345,196.86,22118.0,370.1,591.0,97.8
2020-05-27,5.296,194.73,22110.0,372.2,589.2,96.0
2020-05-28,5.348,196.86,22544.0,381.0,593.8,97.98
2020-05-29,5.415,199.95,22110.0,383.9,584.8,99.02
2020-06-01,5.424,198.72,22026.0,377.0,590.6,99.04
2020-06-02,5.47,201.97,22220.0,378.8,606.2,98.06
2020-06-03,5.507,208.0,21824.0,383.5,644.8,100.04
2020-06-04,5.474,201.46,20000.0,387.0,635.0,101.2
2020-06-05,5.491,203.05,20400.0,389.8,647.8,100.94
2020-06-08,5.484,204.91,20502.0,398.2,666.0,98.0
2020-06-09,5.505,204.84,20248.0,395.1,654.0,98.5
2020-06-10,5.51,201.75,20240.0,396.3,676.6,98.52
2020-06-11,5.442,196.74,19482.0,395.7,668.0,97.9
2020-06-15,5.371,194.2,19058.0,400.6,651.8,98.1
2020-06-16,5.412,196.59,19472.0,409.9,675.8,96.8
2020-06-17,5.475,195.86,19256.0,414.4,660.0,97.4
2020-06-18,5.5,193.0,18926.0,412.1,660.0,99.24
2020-06-19,5.505,195.81,19004.0,416.5,703.0,103.48
2020-06-22,5.567,194.3,19122.0,419.9,690.8,102.6
2020-06-23,5.599,194.83,19636.0,425.1,713.0,101.84
2020-06-25,5.536,192.25,19850.0,422.0,704.8,101.1
2020-06-26,5.542,193.0,19678.0,424.8,709.0,101.3
2020-06-29,5.581,197.94,19196.0,427.5,713.0,100.54
2020-06-30,5.579,194.31,18784.0,425.0,700.8,100.6
2020-07-02,5.629,195.28,18754.0,427.9,729.6,102.1
2020-07-03,5.642,197.2,19000.0,425.2,729.2,103.5
2020-07-06,5.702,199.99,18260.0,428.7,732.4,106.78
2020-07-07,5.658,197.96,18574.0,424.2,728.0,106.1
2020-07-08,5.62,201.17,18970.0,420.1,730.4,106.3
2020-07-09,5.6,199.44,18596.0,416.2,717.0,105.3
2020-07-10,5.608,200.94,18550.0,409.8,720.8,106.8
2020-07-13,5.651,195.7,17946.0,400.0,712.0,108.86
2020-07-14,5.582,193.6,17826.0,424.0,707.8,106.8
2020-07-15,5.627,182.26,17978.0,425.8,708.6,108.54
2020-07-16,5.642,183.32,18112.0,428.3,721.2,110.2
2020-07-17,5.675,184.65,18350.0,431.0,715.0,112.54
2020-07-20,5.693,188.36,18394.0,434.0,724.2,112.76
2020-07-21,5.74,186.78,18380.0,454.5,737.8,115.28
2020-07-22,5.765,187.15,18234.0,456.0,739.0,116.4
2020-07-23,5.775,184.69,18724.0,447.9,731.0,116.78
2020-07-24,5.79,185.45,19060.0,454.7,732.2,115.1
2020-07-27,5.824,185.03,19790.0,463.6,735.0,115.04
2020-07-28,5.899,184.3,19618.0,480.5,741.0,115.4
2020-07-29,5.921,184.69,19808.0,498.6,741.6,115.4
2020-07-30,5.876,182.52,19620.0,489.5,735.0,115.62
2020-07-31,5.944,182.59,19650.0,486.9,734.0,116.9
2020-08-03,5.97,183.6,20018.0,506.0,748.8,118.12
2020-08-04,5.991,183.31,20398.0,502.9,775.6,119.4
2020-08-05,5.937,189.15,20886.0,497.8,770.8,121.58
2020-08-06,5.93,189.07,20842.0,497.6,770.4,121.44
2020-08-07,5.905,187.23,20438.0,498.6,771.2,120.12
2020-08-10,5.89,187.7,20612.0,493.5,769.4,119.18
2020-08-11,5.93,189.7,20426.0,488.2,777.0,120.0
2020-08-12,5.973,192.8,20770.0,500.2,792.0,120.96
2020-08-13,5.962,193.76,20930.0,495.1,787.0,121.58
2020-08-14,5.929,192.83,20786.0,497.7,793.0,121.48
2020-08-17,5.92,190.47,20710.0,498.5,785.6,120.3
2020-08-18,5.955,190.3,20798.0,491.8,783.6,119.96
2020-08-19,5.958,189.26,20500.0,493.0,775.0,120.32
2020-08-20,5.884,186.95,19988.0,494.5,767.0,119.44
2020-08-21,5.888,184.51,19942.0,495.9,771.8,120.36
2020-08-24,5.912,187.1,20000.0,495.2,772.4,123.5
2020-08-25,5.887,186.25,19830.0,496.5,776.8,122.0
2020-08-26,5.91,187.48,19976.0,499.0,773.0,123.1
2020-08-27,5.913,184.58,19670.0,496.0,774.2,125.12
2020-08-28,5.882,182.9,19364.0,497.6,780.0,120.5
2020-08-31,5.862,181.01,19394.0,506.2,780.4,116.76
2020-09-01,5.908,184.22,19930.0,525.2,789.0,113.8
2020-09-02,5.872,181.95,19916.0,536.0,790.0,112.8
2020-09-03,5.826,179.13,19838.0,527.2,785.8,110.94
2020-09-04,5.824,179.55,19924.0,534.0,798.6,110.46
2020-09-07,5.84,177.04,20006.0,558.0,821.8,111.36
2020-09-08,5.819,172.95,19890.0,553.2,817.0,110.6
2020-09-09,5.803,173.69,19708.0,566.9,807.6,112.0
2020-09-10,5.742,173.8,19528.0,564.1,803.2,111.5
2020-09-11,5.831,178.05,19354.0,564.8,811.8,111.98
2020-09-14,5.849,178.19,19492.0,564.1,821.2,112.16
2020-09-15,5.872,182.22,19634.0,570.0,844.0,112.5
2020-09-16,5.83,183.26,19270.0,569.0,857.2,114.48
2020-09-17,5.9,183.9,19370.0,562.2,847.0,114.86
2020-09-18,5.832,181.52,19300.0,559.1,871.0,114.1
2020-09-21,5.663,177.17,18694.0,549.4,872.0,112.94
2020-09-22,5.69,179.0,18758.0,550.8,867.4,113.94
2020-09-23,5.725,177.0,18860.0,559.6,862.0,113.86
2020-09-24,5.736,174.23,18780.0,557.7,872.2,114.82
2020-09-25,5.716,173.77,18888.0,559.0,862.6,116.8
2020-09-28,5.808,172.74,18826.0,564.2,870.0,117.18
2020-09-29,5.845,171.44,18800.0,569.4,882.8,115.8
2020-09-30,5.853,169.97,18762.0,568.2,856.2,117.06
2020-10-01,5.814,168.4,18726.0,570.3,860.4,118.6
2020-10-02,5.743,169.47,18840.0,567.2,872.2,119.48
2020-10-05,5.763,170.64,19282.0,570.4,875.2,119.34
2020-10-06,5.777,171.35,18782.0,570.9,875.2,118.2
2020-10-07,5.681,168.23,18654.0,572.1,876.2,118.1
2020-10-08,5.685,167.43,18924.0,568.9,873.4,119.3
2020-10-09,5.664,166.97,19450.0,567.9,851.0,117.02
2020-10-12,5.671,169.05,19534.0,567.2,869.6,118.26
2020-10-13,5.641,166.37,19604.0,578.0,862.0,118.9
2020-10-14,5.626,167.24,19792.0,586.2,874.8,119.18
2020-10-15,5.555,167.16,19680.0,583.6,875.4,118.9
2020-10-16,5.529,163.98,19682.0,598.3,872.2,115.76
2020-10-19,5.533,163.6,19858.0,600.0,872.0,114.14
2020-10-20,5.561,166.53,20192.0,604.7,918.0,115.94
2020-10-21,5.537,164.37,19828.0,600.0,909.6,114.88
2020-10-22,5.555,165.27,19672.0,600.8,953.8,115.0
2020-10-23,5.609,164.96,19838.0,596.0,956.8,115.5
